erp_system,source_account,source_account_name,source_account_type,source_normal_balance,group_account,mapping_type,mapping_rule,effective_from,effective_to,notes
AURORA,1010,Operating Bank Accounts,Bank,D,110100,DIRECT,,2019-01-01,,
AURORA,1015,Payroll Bank Accounts,Bank,D,110100,MERGE,,2019-01-01,,"Aurora splits bank accounts by purpose; the group chart carries a single cash caption."
AURORA,1020,Petty Cash and Cards,Bank,D,110100,MERGE,,2019-01-01,,
AURORA,1030,Restricted Cash - Escrow,Bank,D,110200,DIRECT,,2019-01-01,,
AURORA,1100,Accounts Receivable - Trade,AcctRec,D,120100,DIRECT,,2019-01-01,,
AURORA,1105,Accounts Receivable - Retention,AcctRec,D,120100,MERGE,,2019-01-01,,"Retentions are not separately captioned at group level."
AURORA,1110,Allowance for Doubtful Accounts,AcctRec,C,120200,DIRECT,,2019-01-01,,
AURORA,1120,Employee Advances,OthCurrAsset,D,120300,DIRECT,,2019-01-01,,
AURORA,1130,Other Receivables,OthCurrAsset,D,120300,MERGE,,2019-01-01,,
AURORA,1150,Due From Affiliates,OthCurrAsset,D,120500,DIRECT,REQUIRES_PARTNER,2019-01-01,,"Intercompany. The partner entity is carried in the Aurora subsidiary segment, not the account."
AURORA,1160,Intercompany Notes Receivable,OthCurrAsset,D,175100,SPLIT,"maturity_months <= 12 -> 125100; else 175100",2019-01-01,,"Aurora holds a single notes-receivable account. Current/non-current split is driven by the loan master, not the GL."
AURORA,1180,Unbilled Revenue,OthCurrAsset,D,121100,DIRECT,,2019-01-01,,
AURORA,1200,Inventory - Raw Materials,Inventory,D,130100,DIRECT,,2019-01-01,,
AURORA,1210,Inventory - WIP,Inventory,D,130200,DIRECT,,2019-01-01,,
AURORA,1220,Inventory - Finished Goods,Inventory,D,130300,DIRECT,,2019-01-01,,
AURORA,1230,Inventory - Spare Parts,Inventory,D,130300,MERGE,,2019-01-01,,"Aftermarket spares are finished goods at group level."
AURORA,1290,Inventory Valuation Reserve,Inventory,C,130400,DIRECT,,2019-01-01,,
AURORA,1300,Prepaid Expenses,OthCurrAsset,D,140100,DIRECT,,2019-01-01,,
AURORA,1310,Prepaid Insurance,OthCurrAsset,D,140100,MERGE,,2019-01-01,,
AURORA,1320,Prepaid Income Tax,OthCurrAsset,D,140200,DIRECT,,2019-01-01,,
AURORA,1390,Other Current Assets,OthCurrAsset,D,140300,DIRECT,,2019-01-01,,
AURORA,1500,Land,FixedAsset,D,150100,DIRECT,,2019-01-01,,
AURORA,1510,Buildings,FixedAsset,D,150200,DIRECT,,2019-01-01,,
AURORA,1520,Machinery and Equipment,FixedAsset,D,150300,DIRECT,,2019-01-01,,
AURORA,1530,Vehicles,FixedAsset,D,150400,DIRECT,,2019-01-01,,
AURORA,1540,Computer Equipment,FixedAsset,D,150500,DIRECT,,2019-01-01,,
AURORA,1550,Leasehold Improvements,FixedAsset,D,150600,DIRECT,,2019-01-01,,
AURORA,1560,Assets Under Construction,FixedAsset,D,150700,DIRECT,,2019-01-01,,
AURORA,1570,Capital Lease Assets,FixedAsset,D,150800,DIRECT,,2019-01-01,,
AURORA,1590,Accumulated Depreciation,FixedAsset,C,155100,DIRECT,,2019-01-01,,
AURORA,1595,Operating Lease ROU Asset,OthAsset,D,158100,DIRECT,,2019-01-01,,
AURORA,1600,Goodwill,OthAsset,D,160100,DIRECT,,2019-01-01,,
AURORA,1610,Intangibles - Customer Lists,OthAsset,D,165100,DIRECT,,2019-01-01,,
AURORA,1620,Intangibles - Technology,OthAsset,D,165200,DIRECT,,2019-01-01,,
AURORA,1630,Intangibles - Trade Names,OthAsset,D,165300,DIRECT,,2019-01-01,,
AURORA,1640,Capitalized Software,OthAsset,D,165500,DIRECT,,2019-01-01,,
AURORA,1690,Accumulated Amortization,OthAsset,C,166100,DIRECT,,2019-01-01,,
AURORA,1700,Deferred Tax Asset,OthAsset,D,170100,DIRECT,,2019-01-01,,
AURORA,1750,Investment in Subsidiaries,OthAsset,D,178100,DIRECT,,2019-01-01,,
AURORA,1790,Other Long Term Assets,OthAsset,D,180100,DIRECT,,2019-01-01,,
AURORA,2000,Accounts Payable - Trade,AcctPay,C,210100,DIRECT,,2019-01-01,,
AURORA,2010,Accrued Purchases (GRNI),OthCurrLiab,C,210200,DIRECT,,2019-01-01,,
AURORA,2050,Due To Affiliates,OthCurrLiab,C,210500,DIRECT,REQUIRES_PARTNER,2019-01-01,,"Intercompany. Partner from the Aurora subsidiary segment."
AURORA,2060,Intercompany Notes Payable,OthCurrLiab,C,235100,SPLIT,"maturity_months <= 12 -> 225100; else 235100",2019-01-01,,
AURORA,2100,Deferred Revenue,OthCurrLiab,C,211100,DIRECT,,2019-01-01,,"Group caption is Contract liabilities. Aurora's label predates ASC 606 adoption."
AURORA,2200,Accrued Payroll,OthCurrLiab,C,215100,DIRECT,,2019-01-01,,
AURORA,2210,Accrued Vacation,OthCurrLiab,C,215100,MERGE,,2019-01-01,,
AURORA,2220,Accrued Bonus,OthCurrLiab,C,215200,DIRECT,,2019-01-01,,
AURORA,2230,Accrued Professional Fees,OthCurrLiab,C,215300,DIRECT,,2019-01-01,,
AURORA,2240,Warranty Reserve,OthCurrLiab,C,215400,DIRECT,,2019-01-01,,
AURORA,2250,Restructuring Accrual,OthCurrLiab,C,215500,DIRECT,,2019-01-01,,
AURORA,2290,Other Accrued Liabilities,OthCurrLiab,C,215600,DIRECT,,2019-01-01,,
AURORA,2295,Accrued Interest,OthCurrLiab,C,216100,DIRECT,,2019-01-01,,
AURORA,2300,Income Taxes Payable,OthCurrLiab,C,218100,DIRECT,,2019-01-01,,
AURORA,2310,Sales and Use Tax Payable,OthCurrLiab,C,219100,DIRECT,,2019-01-01,,
AURORA,2400,Current Portion of Long Term Debt,OthCurrLiab,C,220100,DIRECT,,2019-01-01,,
AURORA,2410,Line of Credit,OthCurrLiab,C,220200,DIRECT,,2019-01-01,,
AURORA,2420,Capital Lease Obligation - Current,OthCurrLiab,C,220300,DIRECT,,2019-01-01,,
AURORA,2430,Operating Lease Liability - Current,OthCurrLiab,C,220400,DIRECT,,2019-01-01,,
AURORA,2500,Term Loan Payable,LongTermLiab,C,230100,DIRECT,,2019-01-01,,
AURORA,2510,Deferred Financing Costs,LongTermLiab,D,230200,DIRECT,,2019-01-01,,"Contra-liability. Aurora stores it as a debit within the liability range; sign handling is explicit in staging."
AURORA,2520,Capital Lease Obligation - Long Term,LongTermLiab,C,230300,DIRECT,,2019-01-01,,
AURORA,2530,Operating Lease Liability - Long Term,LongTermLiab,C,230400,DIRECT,,2019-01-01,,
AURORA,2600,Deferred Tax Liability,LongTermLiab,C,240100,DIRECT,,2019-01-01,,
AURORA,2690,Other Long Term Liabilities,LongTermLiab,C,245100,DIRECT,,2019-01-01,,
AURORA,3000,Common Stock,Equity,C,310100,DIRECT,,2019-01-01,,
AURORA,3010,Additional Paid In Capital,Equity,C,310200,DIRECT,,2019-01-01,,
AURORA,3020,Stock Compensation Reserve,Equity,C,315100,DIRECT,,2019-01-01,,
AURORA,3100,Retained Earnings,Equity,C,320100,DIRECT,,2019-01-01,,
AURORA,3200,Distributions,Equity,D,320300,DIRECT,,2019-01-01,,
AURORA,3250,Group Reporting Measurement Reserve,Equity,C,329100,DIRECT,,2019-01-01,,Holding-company reserve carrying the difference between the group reporting basis and the sum of the entity ledgers. Reclassified to CTA on consolidation.
AURORA,3300,Cumulative Translation Adjustment,Equity,C,330100,DIRECT,,2019-01-01,,
AURORA,4000,Revenue - Equipment,Income,C,410100,DIRECT,,2019-01-01,,
AURORA,4010,Revenue - Components,Income,C,410200,DIRECT,,2019-01-01,,
AURORA,4020,Revenue - Spare Parts,Income,C,415100,DIRECT,,2019-01-01,,
AURORA,4100,Revenue - Service,Income,C,420100,DIRECT,,2019-01-01,,
AURORA,4110,Revenue - Maintenance Contracts,Income,C,420200,DIRECT,,2019-01-01,,
AURORA,4300,Revenue - Freight Billed,Income,C,430100,DIRECT,,2019-01-01,,
AURORA,4400,Other Income - Operating,Income,C,435100,DIRECT,,2019-01-01,,
AURORA,4500,Sales Returns,Income,D,440100,DIRECT,,2019-01-01,,
AURORA,4510,Customer Rebates,Income,D,440200,DIRECT,,2019-01-01,,
AURORA,4900,Intercompany Revenue - Product,Income,C,490100,DIRECT,REQUIRES_PARTNER,2019-01-01,,
AURORA,4910,Intercompany Revenue - Service,Income,C,490200,DIRECT,REQUIRES_PARTNER,2019-01-01,,
AURORA,4920,Management Fee Income,Income,C,490300,DIRECT,REQUIRES_PARTNER,2019-07-01,,"Charged by NIG-110 only."
AURORA,4930,Royalty Income,Income,C,490400,DIRECT,REQUIRES_PARTNER,2023-04-01,,"Charged by NIG-200 to NIG-220 from the Halden acquisition date."
AURORA,5000,Cost of Goods Sold - Materials,COGS,D,510100,DIRECT,,2019-01-01,,
AURORA,5010,Cost of Goods Sold - Purchased Parts,COGS,D,510200,DIRECT,,2019-01-01,,
AURORA,5020,Cost of Goods Sold - Subcontract,COGS,D,510300,DIRECT,,2019-01-01,,
AURORA,5100,Manufacturing Overhead,COGS,D,520100,SPLIT,"dept in (D525) -> 520200; dept in (D115,D120) -> 520300; else 520100",2019-01-01,,"Aurora runs a single overhead account. The group chart separates indirect labour, facilities and consumables, so the split is driven by the department segment."
AURORA,5400,Freight Out,COGS,D,525100,DIRECT,,2019-01-01,,
AURORA,5410,Duties and Customs,COGS,D,525200,DIRECT,,2019-01-01,,
AURORA,5500,Inventory Adjustments,COGS,D,530100,DIRECT,,2019-01-01,,
AURORA,5510,Warranty Expense,COGS,D,530200,DIRECT,,2019-01-01,,
AURORA,5900,Intercompany COGS,COGS,D,590100,SPLIT,"partner_bu = 'IS' -> 590200; else 590100",2019-01-01,,
AURORA,6100,Salaries and Wages,Expense,D,610100,SPLIT,"dept in (D100,D200,D205,D300,D305,D310) -> 515100/515200 by BU; dept in (D105,D110,D115,D120,D210,D215) -> 520100; else 610100",2019-01-01,,"THE MATERIAL MAPPING PROBLEM. Aurora books all payroll to one account regardless of whether the labour is direct, indirect or SG&A. Gross margin is therefore not derivable from the Aurora account code alone -- the department segment is mandatory. See ADR-0007 and control CTL-MAP-04."
AURORA,6110,Employee Benefits,Expense,D,610200,SPLIT,"same department rule as 6100; direct/indirect departments -> 515300",2019-01-01,,
AURORA,6120,Payroll Taxes,Expense,D,610300,SPLIT,"same department rule as 6100; direct/indirect departments -> 515300",2019-01-01,,
AURORA,6130,Bonus Expense,Expense,D,610400,DIRECT,,2019-01-01,,
AURORA,6140,Stock Compensation Expense,Expense,D,610500,DIRECT,,2019-01-01,,
AURORA,6150,Temporary Labor,Expense,D,610600,SPLIT,"dept in (D100,D200,D205) -> 510300; else 610600",2019-01-01,,"Contract labour in production and field departments is a cost of sale, not an operating expense."
AURORA,6160,Recruiting and Relocation,Expense,D,610700,DIRECT,,2019-01-01,,
AURORA,6170,Training,Expense,D,610800,DIRECT,,2019-01-01,,
AURORA,6200,Rent,Expense,D,620100,SPLIT,"dept in (D100,D120) -> 520200; else 620100",2019-01-01,,"Plant and warehouse occupancy is absorbed into cost of sales."
AURORA,6210,Utilities,Expense,D,620200,SPLIT,"dept in (D100,D120) -> 520200; else 620200",2019-01-01,,
AURORA,6220,Repairs and Maintenance,Expense,D,620300,DIRECT,,2019-01-01,,
AURORA,6230,Property Tax and Insurance,Expense,D,620400,DIRECT,,2019-01-01,,
AURORA,6300,Audit and Tax Fees,Expense,D,630100,DIRECT,,2019-01-01,,
AURORA,6310,Legal Fees,Expense,D,630200,DIRECT,,2019-01-01,,
AURORA,6320,Consulting Fees,Expense,D,630300,SPLIT,"dept = D910 -> 680400; dept = D905 -> 680300; else 630300",2019-01-01,,"Consulting spend booked to the transformation and corp-dev departments is non-recurring and must land in the add-back block."
AURORA,6330,Sponsor Management Fee,Expense,D,630400,DIRECT,,2019-01-01,,
AURORA,6400,Advertising and Promotion,Expense,D,640100,DIRECT,,2019-01-01,,
AURORA,6410,Trade Shows,Expense,D,640200,DIRECT,,2019-01-01,,
AURORA,6420,Sales Commissions,Expense,D,640300,DIRECT,,2019-01-01,,
AURORA,6430,Bad Debt Expense,Expense,D,640400,DIRECT,,2019-01-01,,
AURORA,6500,Software and Subscriptions,Expense,D,650100,DIRECT,,2019-01-01,,
AURORA,6510,IT Services,Expense,D,650200,SPLIT,"dept = D910 -> 680400; else 650200",2019-01-01,,
AURORA,6520,Telephone and Internet,Expense,D,650300,DIRECT,,2019-01-01,,
AURORA,6600,Travel and Entertainment,Expense,D,660100,DIRECT,,2019-01-01,,
AURORA,6610,Vehicle Expense,Expense,D,660200,DIRECT,,2019-01-01,,
AURORA,6700,Office Supplies,Expense,D,670100,DIRECT,,2019-01-01,,
AURORA,6710,Bank Fees,Expense,D,670200,DIRECT,,2019-01-01,,
AURORA,6720,Dues and Subscriptions,Expense,D,670300,DIRECT,,2019-01-01,,
AURORA,6790,Miscellaneous Expense,Expense,D,670400,DIRECT,,2019-01-01,,
AURORA,6800,Severance,Expense,D,680100,DIRECT,,2019-01-01,,
AURORA,6810,Facility Exit Costs,Expense,D,680200,DIRECT,,2019-01-01,,
AURORA,6820,Acquisition Costs,Expense,D,680300,DIRECT,,2019-01-01,,
AURORA,6840,Legal Settlements,Expense,D,680600,DIRECT,,2019-01-01,,
AURORA,6850,Retention Bonuses,Expense,D,680700,DIRECT,,2019-01-01,,
AURORA,6900,Management Fee Expense,Expense,D,695100,DIRECT,REQUIRES_PARTNER,2019-07-01,,
AURORA,6910,Intercompany Shared Services,Expense,D,695200,DIRECT,REQUIRES_PARTNER,2019-07-01,,
AURORA,6920,Royalty Expense,Expense,D,695300,DIRECT,REQUIRES_PARTNER,2023-04-01,,
AURORA,7000,Depreciation Expense,OthExpense,D,710100,SPLIT,"asset_class = 'FINANCE_LEASE' -> 710200; else 710100",2019-01-01,,
AURORA,7010,Amortization Expense,OthExpense,D,720100,SPLIT,"asset_class = 'SOFTWARE' -> 720200; else 720100",2019-01-01,,
AURORA,7100,Interest Expense,OthExpense,D,730100,SPLIT,"instrument_type = 'RCF' -> 730200; 'LEASE' -> 730300; 'OTHER' -> 730600; else 730100",2019-01-01,,"Aurora has a single interest account. The instrument split comes from the debt master, keyed on the journal reference."
AURORA,7110,Amortization of Financing Costs,OthExpense,D,730400,DIRECT,,2019-01-01,,
AURORA,7120,Commitment Fees,OthExpense,D,730500,DIRECT,,2019-01-01,,
AURORA,7130,Swap Fair Value Movement,OthExpense,D,730700,DIRECT,,2021-06-01,,
AURORA,7200,Interest Income,OthIncome,C,735100,DIRECT,,2019-01-01,,
AURORA,7300,Foreign Exchange Gain/Loss,OthExpense,D,740100,SPLIT,"revaluation_flag = TRUE -> 740200; else 740100",2019-01-01,,
AURORA,7400,Gain/Loss on Asset Disposal,OthExpense,D,745100,DIRECT,,2019-01-01,,
AURORA,7500,Other Income and Expense,OthIncome,C,750100,DIRECT,,2019-01-01,,
AURORA,7900,Intercompany Interest Income,OthIncome,C,795100,DIRECT,REQUIRES_PARTNER,2019-01-01,,
AURORA,7910,Intercompany Interest Expense,OthExpense,D,795200,DIRECT,REQUIRES_PARTNER,2019-01-01,,
AURORA,8000,Federal Income Tax,OthExpense,D,810100,DIRECT,,2019-01-01,,
AURORA,8010,State Income Tax,OthExpense,D,810200,DIRECT,,2019-01-01,,
AURORA,8100,Deferred Income Tax,OthExpense,D,820100,DIRECT,,2019-01-01,,
AURORA,8200,Other Tax,OthExpense,D,830100,DIRECT,,2019-01-01,,
