control_id,control_name,severity,status,measured,threshold,defect_reference,detail
P3-ING-01,Every source extract file is ingested,BLOCKING,PASS,507,507,,one parsed partition per file present in data/raw
P3-ING-02,Row counts survive ingestion,BLOCKING,PASS,1080782,1080782,,"parsed rows equal the data rows in the extract files, counted independently"
P3-ING-03,Windows-1252 text decodes without loss,BLOCKING,PASS,0,0,,no replacement character in any Kestrel German account or item text
P3-ING-04,Every amount parses under its declared locale,BLOCKING,PASS,0,0,,German point-thousands / comma-decimal and US thousands separators
P3-ING-05,Every posting date parses,BLOCKING,PASS,0,0,,"ISO, US MM/DD/YYYY and German DD.MM.YYYY"
P3-ING-06,Posting dates fall inside their own accounting period,BLOCKING,PASS,0,0,,special periods 13-16 are excluded: they carry a December date by design
P3-ING-07,Kestrel account keys keep their leading zeros as text,BLOCKING,PASS,"184538 padded, 0 coerced",">0 padded, 0 coerced",,an eight-character key coerced to a number loses its leading zeros silently
P3-ING-13,Every amount matches its system's declared numeric grammar,BLOCKING,PASS,0,0,,"AURORA: plain decimal, point separator; SABLE: US notation: comma thousands, point decimal; KESTREL: German notation: point thousands, comma decimal"
P3-ING-08,Every line has a unique lineage key,BLOCKING,PASS,0,0,,"erp | file | journal | line, the declared grain of the conformed fact"
P3-ING-09,Row ordinals are dense within every file,BLOCKING,PASS,0,0,,"1..N per file, so a dropped row is visible"
P3-ING-10,"Kestrel special periods are classified, not numbered",BLOCKING,PASS,"['AUDIT_ADJUSTMENT', 'GROUP_REPORTING_ADJUSTMENT', 'STATUTORY_CLOSE', 'TAX_ADJUSTMENT']","4 types, 0 unclassified",,"13 statutory close, 14 audit, 15 tax, 16 group reporting; all report in month 12"
P3-ING-11,No thirteenth month can reach a management view,BLOCKING,PASS,0,0,,the accounting period is retained; the reporting month is capped at December
P3-ING-12,Source-system translated amounts never reach a calculation,BLOCKING,PASS,[],none,,"{'AURORA': 'AMOUNT_USD_SYSTEM', 'KESTREL': 'DMBTR_KONZERN_EUR'} are carried on the journal-line fact for lineage only and are absent from every aggregate"
P3-TB-01,Native trial balance closes in each ERP's own convention,BLOCKING,PASS,0.0,0.02,,"re-derived from the parsed layer: Aurora signed, Kestrel SOLL less HABEN, Sable natural sign against the approved chart"
P3-TB-02,Trial balance closes after sign normalisation,BLOCKING,PASS,0.0000,0.02,,per entity and accounting period
P3-TB-03,Trial balance still closes after mapping,BLOCKING,PASS,0.0000,0.02,,mapping is classification only: it may not move a cent
P3-TB-04,No statistical account enters the trial balance,BLOCKING,PASS,0,0,,statistical accounts are outside the balancing population
P3-TB-05,Mapping changes no amount,BLOCKING,PASS,0.000000,0.005,,the standardised and mapped amounts agree line for line
P3-TB-06,No account class has had its sign inverted,BLOCKING,SOURCE_FINDING,7 account-entity-years,7 accepted (SX-004),P2-D-01,"assets carry debit balances, liabilities, equity and revenue carry credits; contra and genuinely bidirectional accounts are named and excluded, never inferred. The accepted exception is contract assets at the Kestrel entities, driven into a credit balance by unclassified accrued-income postings. Accepted at 7 account-entity-years pending Phase 2.3 source correction."
P3-MAP-01,No line is left unresolved,BLOCKING,PASS,0,0,,an unresolved line goes to data/10_staging/exceptions/mapping_exceptions.csv and blocks the close; it never defaults silently
P3-MAP-02,No line matches more than one rule branch,BLOCKING,PASS,0,0,,"priority does not resolve an ambiguity, it hides one: a line matching two branches is an exception, not a lookup"
P3-MAP-03,Mapping agrees with the acceptance oracle where the source classified the line,BLOCKING,PASS,1013640/1013640 = 100.000000%,100.000000%,,the expected-mapping manifest is read here and nowhere else; the engine derives the group account from the approved charts and rules alone
P3-MAP-04,Mapping agreement across every line,WARNING,SOURCE_FINDING,166 journal lines,166 accepted (SX-001),P2-D-01,1080616 of 1080782 lines agree with the oracle (99.984641%). Every disagreement is a posting the source system left unclassified; see P3-MAP-13. Accepted at 166 journal lines pending Phase 2.3 source correction.
P3-MAP-05,Every mapping is effective at the posting date,BLOCKING,PASS,0,0,,"effective-dated mappings are evaluated against the posting date, not the load date"
P3-MAP-06,Every conditional account declares a default branch,BLOCKING,PASS,0,0,,a split with no default is a silent fall-through waiting to happen
P3-MAP-07,Every rule target exists and is not statistical,BLOCKING,PASS,0,0,,"CTL-MAP-02, CTL-MAP-03"
P3-MAP-08,No orphan source account,BLOCKING,PASS,0,0,,every account posted to in an extract exists in that ERP's approved chart
P3-MAP-09,"Mapping coverage of value, not just of codes",BLOCKING,PASS,100.0,99.9,,CTL-MAP-05: an unmapped rounding line and an unmapped acquisition are not the same problem
P3-MAP-10,German total-cost-method items are reclassified into cost of sales,BLOCKING,PASS,"613/613 to cost of sales, 0 left in revenue","all, none",,Bestandsveraenderung and aktivierte Eigenleistungen sit above the revenue line under the Gesamtkostenverfahren and inside cost of sales under the group's cost-of-sales presentation
P3-MAP-11,Every presentation reclassification is flagged and traceable,BLOCKING,PASS,613,613,,"the source presentation stays visible on the line: source account, source account name in German, and the reclassification type"
P3-MAP-12,A line's declared function agrees with the cost centre it was posted to,BLOCKING,SOURCE_FINDING,5710 journal lines,5710 accepted (SX-005),P2-D-02,"51,099,616 local. The posting declares one classification and sits in a cost centre carrying another. The declared attribute is authoritative for the mapping contract, so the mapping is right; the source data is not self-corroborating. Accepted at 5710 journal lines pending Phase 2.3 source correction."
P3-MAP-13,Every posting to a conditional account carries the attribute its rules read,WARNING,SOURCE_FINDING,166 journal lines,166 accepted (SX-002),P2-D-01,"67142 postings carry no attribute their account's rules read. Opening-balance, year-end-close and special-period journals are written without the line attributes the mapping contract requires, so the split cannot be derived. Accepted at 166 journal lines pending Phase 2.3 source correction."
P3-DIM-01,Every entity resolves to a real operating entity,BLOCKING,PASS,0,0,,an elimination entity must never appear in a source extract
P3-DIM-02,Every cost centre resolves to the master,BLOCKING,PASS,0,0,,CTL-DQ-08
P3-DIM-03,Every currency is in the approved set,BLOCKING,PASS,0,0,,"USD, CAD, GBP, EUR"
P3-DIM-04,Every group account resolves to the group chart,BLOCKING,PASS,0,0,,CTL-DQ-08 referential integrity
P3-DIM-05,Every intercompany partner is valid and never the posting entity,BLOCKING,PASS,0,0,,CTL-IC-04
P3-DIM-06,Kestrel's native cost centre agrees with the resolved one,BLOCKING,PASS,0,0,,"Aurora and Sable carry no cost centre and one is resolved from the department; Kestrel carries KOSTL, and the same resolution must reproduce it"
P3-DIM-07,No dimension has a duplicate natural key,BLOCKING,PASS,[],0,,"including effective-dated dimensions, where a duplicate key would make the as-at lookup non-deterministic"
P3-DIM-08,Intercompany postings carry a partner,BLOCKING,SOURCE_FINDING,5248 journal lines,5248 accepted (SX-006),P2-D-03,"CTL-IC-04. The invoice leg of every intercompany flow carries its counterparty; the cash settlement leg, the treasury current account and the intercompany loans do not, so an intercompany BALANCE cannot be attributed to an entity pair. The opening balance and the year-end close are excluded as positions rather than transactions. Accepted at 5248 journal lines pending Phase 4 elimination engine."
P3-DIM-09,Affiliate interest is separated from third-party interest,BLOCKING,PASS,0,0,,"CTL-IC-05: affiliate interest left in the third-party accounts overstates consolidated net interest, because it does not eliminate"
P3-DIM-10,FX rates are complete for every currency and period in use,BLOCKING,PASS,0,0,,"CTL-FX-01. A missing rate must block the period, not translate at zero"
P3-REC-01,Source amounts survive standardisation,BLOCKING,PASS,0.0,0.01,,"absolute value by ERP, before and after sign normalisation"
P3-REC-02,Mapped income statement reconciles to the source-layer target,BLOCKING,PASS,0.000000%,0.5%,,"revenue, cost of sales and operating expense, FY2023-FY2025, against config/anchors/phase02_source_layer_targets.csv"
P3-REC-03,Mapped balance sheet agrees with the acceptance oracle,WARNING,SOURCE_FINDING,6 balance sheet caption-years,6 accepted (SX-003),P2-D-01,worst 2.3344m (28.55%). Contract assets and prepayments differ because seven Kestrel postings to 00017000 carry no accrual type and resolve to the default branch. Accepted at 6 balance sheet caption-years pending Phase 2.3 source correction.
P3-REC-04,Mapped balance sheet reconciles to the source-layer target,BLOCKING,PASS,0.008817%,1.0%,,four captions carry a documented source finding and are reported separately by P3-REC-03 and P3-REC-08
P3-REC-05,Revenue detail reconciles to the mapped general ledger,BLOCKING,PASS,0.0,0.05,,ADR-0008: customer and product detail lives in its own fact at its own grain and must tie to the ledger. It is never pushed into the journal-line fact
P3-REC-06,Gross margin by business unit reproduces the anchor,BLOCKING,PASS,0.000000pp,0.01pp,,THE control that catches a mapping which is wrong but still balances: move production payroll into SG&A and every other control still passes
P3-REC-07,External revenue by entity reproduces the anchor,BLOCKING,PASS,0.0,0.01,,FY2023-FY2025
P3-REC-08,The trial balance fact ties to the journal-line fact,BLOCKING,PASS,0.0000,0.02,,"the aggregate is built from the detail, so the two cannot drift apart"
P3-REC-09,Planning data is complete and no reserved version leaks,BLOCKING,PASS,"['BUD_FY26_V1', 'FC_FY26_02', 'FC_FY26_05', 'FC_FY26_08'], reserved rows 0","['BUD_FY26_V1', 'FC_FY26_02', 'FC_FY26_05', 'FC_FY26_08'], 0",,"CTL-SCN-06. Superseded forecasts are retained; the Downside shell is not populated; Prior Year is derived, never stored (ADR-0004)"
P3-REC-11,Special-period reclassifications stay inside one anchored caption,WARNING,SOURCE_FINDING,6 balance sheet caption-years,6 accepted (SX-007),P2-D-04,"worst 0.126m. Kestrel special period 15 reallocates between corporate income tax and trade tax, which moves an amount from the income-taxes-payable caption into accrued liabilities. P2-FMT-09 tested that a special period does not move the year's RESULT; it does not test the balance sheet captions. Accepted at 6 balance sheet caption-years pending Phase 2.3 source correction."
P3-REC-10,Prior Year is not materialised as a scenario,BLOCKING,PASS,0,0,,ADR-0004: derived by date offset from Actual
P3-BR-01,Every operating entity carries direct labour in cost of sales,BLOCKING,PASS,[],0,,an entity that manufactures or delivers with no direct labour has had its payroll mapped into operating expenses
P3-BR-02,Payroll splits plausibly across the gross margin line,WARNING,PASS,0.3675,0.4,,the share of employment cost inside cost of sales stays inside a plausible band for a manufacturing or services unit; this is the shape CTL-MAP-04 protects
P3-BR-03,No cumulative translation adjustment or reserve exists at layer 1,BLOCKING,PASS,0,0,,CTA is created by translation at layer 5 and NCI by consolidation at layer 3. A source-layer balancing plug is a blocking defect (ADR-0017)
P3-ADJ-01,Phase 3 posts no group adjustment,BLOCKING,PASS,0,0,,the staging table exists so the consolidation engine has somewhere to raise a top-side entry; ingestion never writes to it
P3-ADJ-02,Phase 3 produces layer 1 only,BLOCKING,PASS,[1],[1],,"no elimination, no consolidation adjustment, no management layer, no CTA"
P3-CMP-01,Every entity has every period from its effective date,BLOCKING,PASS,0,0,,[]
P3-CMP-02,No entity posts before its consolidation effective date,BLOCKING,PASS,0,0,,"CTL-CON-02, tested at ingestion rather than at consolidation"
P3-CMP-03,Group accounts with no source postings,INFO,PASS,"{'CREATED_BY_CONSOLIDATION': 10, 'CREATED_BY_TRANSLATION': 3, 'MAPPED_BUT_UNUSED': 23, 'NO_SOURCE_ACCOUNT_MAPS_HERE': 5, 'POSTED': 134, 'STATISTICAL_NOT_IN_LEDGER': 13}","reported, not failed",,CTL-MAP-06: an account created by translation or consolidation is expected to be empty at layer 1; an account a source chart maps to and never posts is not
