holding_period,transaction_period,months_held,seller_entity,buyer_entity,inventory_category,buyer_inventory_account,transfer_price_usd,seller_cost_usd,ic_gross_profit_usd,ic_margin_pct,quantity_transferred,pct_remaining,quantity_remaining,value_remaining_usd,value_remaining_buyer_local,buyer_currency,unrealised_profit_usd,months_on_hand
202301,202301,0,NIG-200,NIG-210,FINISHED_GOODS,130300,922115.62,811461.75,110653.87,0.12,225,1.0,225,922115.62,1267424.73,CAD,110653.87,2.97
202302,202302,0,NIG-200,NIG-210,FINISHED_GOODS,130300,814740.63,716971.76,97768.88,0.12,258,1.0,258,814740.63,1130886.8,CAD,97768.88,2.97
202302,202301,1,NIG-200,NIG-210,FINISHED_GOODS,130300,922115.62,811461.75,110653.87,0.12,471,0.6633,312,611638.98,848975.03,CAD,73396.68,2.97
202303,202303,0,NIG-200,NIG-210,FINISHED_GOODS,130300,773243.53,680454.31,92789.22,0.12,237,1.0,237,773243.53,1060660.32,CAD,92789.22,2.97
202303,202302,1,NIG-200,NIG-210,FINISHED_GOODS,130300,814740.63,716971.76,97768.88,0.12,295,0.6633,195,540417.19,741291.77,CAD,64850.06,2.97
202303,202301,2,NIG-200,NIG-210,FINISHED_GOODS,130300,922115.62,811461.75,110653.87,0.12,227,0.326599,74,301162.34,413105.23,CAD,36139.48,2.97
202304,202304,0,NIG-200,NIG-210,FINISHED_GOODS,130300,759139.28,668042.56,91096.71,0.12,225,1.0,225,759139.28,1022411.23,CAD,91096.71,2.97
202304,202303,1,NIG-200,NIG-210,FINISHED_GOODS,130300,773243.53,680454.31,92789.22,0.12,222,0.6633,147,512892.17,690764.84,CAD,61547.06,2.97
202304,202302,2,NIG-200,NIG-210,FINISHED_GOODS,130300,814740.63,716971.76,97768.88,0.12,281,0.326599,91,266093.74,358375.91,CAD,31931.25,2.97
202305,202305,0,NIG-200,NIG-210,FINISHED_GOODS,130300,789954.27,695159.76,94794.51,0.12,192,1.0,192,789954.27,1058832.86,CAD,94794.51,2.97
202305,202304,1,NIG-200,NIG-210,FINISHED_GOODS,130300,759139.28,668042.56,91096.71,0.12,238,0.6633,157,503536.83,674926.84,CAD,60424.42,2.97
202305,202303,2,NIG-200,NIG-210,FINISHED_GOODS,130300,773243.53,680454.31,92789.22,0.12,188,0.326599,61,252540.82,338498.73,CAD,30304.9,2.97
202306,202306,0,NIG-200,NIG-210,FINISHED_GOODS,130300,837337.71,736857.18,100480.52,0.12,380,1.0,380,837337.71,1157696.96,CAD,100480.52,2.97
202306,202305,1,NIG-200,NIG-210,FINISHED_GOODS,130300,789954.27,695159.76,94794.51,0.12,398,0.6633,263,523976.4,724445.93,CAD,62877.17,2.97
202306,202304,2,NIG-200,NIG-210,FINISHED_GOODS,130300,759139.28,668042.56,91096.71,0.12,312,0.326599,101,247934.38,342792.25,CAD,29752.13,2.97
202307,202307,0,NIG-200,NIG-210,FINISHED_GOODS,130300,881177.04,775435.8,105741.24,0.12,332,1.0,332,881177.04,1196590.53,CAD,105741.24,2.97
202307,202306,1,NIG-200,NIG-210,FINISHED_GOODS,130300,837337.71,736857.18,100480.52,0.12,348,0.6633,230,555405.82,754210.91,CAD,66648.7,2.97
202307,202305,2,NIG-200,NIG-210,FINISHED_GOODS,130300,789954.27,695159.76,94794.51,0.12,319,0.326599,104,257998.53,350347.98,CAD,30959.82,2.97
202308,202308,0,NIG-200,NIG-210,FINISHED_GOODS,130300,946270.76,832718.27,113552.49,0.12,464,1.0,464,946270.76,1274200.28,CAD,113552.49,2.97
202308,202307,1,NIG-200,NIG-210,FINISHED_GOODS,130300,881177.04,775435.8,105741.24,0.12,284,0.6633,188,584484.43,787037.14,CAD,70138.13,2.97
202308,202306,2,NIG-200,NIG-210,FINISHED_GOODS,130300,837337.71,736857.18,100480.52,0.12,412,0.326599,134,273473.93,368246.15,CAD,32816.87,2.97
202309,202309,0,NIG-200,NIG-210,FINISHED_GOODS,130300,1012132.52,890676.62,121455.9,0.12,293,1.0,293,1012132.52,1339510.69,CAD,121455.9,2.97
202309,202308,1,NIG-200,NIG-210,FINISHED_GOODS,130300,946270.76,832718.27,113552.49,0.12,285,0.6633,189,627661.07,830680.47,CAD,75319.33,2.97
202309,202307,2,NIG-200,NIG-210,FINISHED_GOODS,130300,881177.04,775435.8,105741.24,0.12,251,0.326599,81,287791.83,380879.2,CAD,34535.02,2.97
202310,202310,0,NIG-200,NIG-210,FINISHED_GOODS,130300,987813.51,869275.89,118537.62,0.12,299,1.0,299,987813.51,1290969.91,CAD,118537.62,2.97
202310,202309,1,NIG-200,NIG-210,FINISHED_GOODS,130300,1012132.52,890676.62,121455.9,0.12,474,0.6633,314,671347.16,877381.18,CAD,80561.66,2.97
202310,202308,2,NIG-200,NIG-210,FINISHED_GOODS,130300,946270.76,832718.27,113552.49,0.12,235,0.326599,76,309051.39,403898.15,CAD,37086.17,2.97
202311,202311,0,NIG-200,NIG-210,FINISHED_GOODS,130300,1010847.46,889545.77,121301.7,0.12,293,1.0,293,1010847.46,1325637.19,CAD,121301.7,2.97
202311,202310,1,NIG-200,NIG-210,FINISHED_GOODS,130300,987813.51,869275.89,118537.62,0.12,272,0.6633,180,655216.37,859258.41,CAD,78625.96,2.97
202311,202309,2,NIG-200,NIG-210,FINISHED_GOODS,130300,1012132.52,890676.62,121455.9,0.12,264,0.326599,86,330561.8,433502.61,CAD,39667.42,2.97
202312,202312,0,NIG-200,NIG-210,FINISHED_GOODS,130300,933227.67,821240.35,111987.32,0.12,507,1.0,507,933227.67,1234264.88,CAD,111987.32,2.97
202312,202311,1,NIG-200,NIG-210,FINISHED_GOODS,130300,1010847.46,889545.77,121301.7,0.12,451,0.6633,299,670494.78,886780.56,CAD,80459.37,2.97
202312,202310,2,NIG-200,NIG-210,FINISHED_GOODS,130300,987813.51,869275.89,118537.62,0.12,287,0.326599,93,322619.23,426688.57,CAD,38714.31,2.97
202301,202301,0,NIG-200,NIG-500,SPARE_PARTS,130300,570767.36,502275.27,68492.08,0.12,242,1.0,242,570767.36,570767.36,USD,68492.08,2.43
202302,202302,0,NIG-200,NIG-500,SPARE_PARTS,130300,481254.27,423503.76,57750.51,0.12,255,1.0,255,481254.27,481254.27,USD,57750.51,2.43
202302,202301,1,NIG-200,NIG-500,SPARE_PARTS,130300,570767.36,502275.27,68492.08,0.12,158,0.588477,92,335883.67,335883.67,USD,40306.04,2.43
202303,202303,0,NIG-200,NIG-500,SPARE_PARTS,130300,486843.16,428421.98,58421.18,0.12,157,1.0,157,486843.16,486843.16,USD,58421.18,2.43
202303,202302,1,NIG-200,NIG-500,SPARE_PARTS,130300,481254.27,423503.76,57750.51,0.12,251,0.588477,147,283207.24,283207.24,USD,33984.87,2.43
202303,202301,2,NIG-200,NIG-500,SPARE_PARTS,130300,570767.36,502275.27,68492.08,0.12,150,0.176955,26,100999.98,100999.98,USD,12120.0,2.43
202304,202304,0,NIG-200,NIG-500,SPARE_PARTS,130300,457283.01,402409.05,54873.96,0.12,167,1.0,167,457283.01,457283.01,USD,54873.96,2.43
202304,202303,1,NIG-200,NIG-500,SPARE_PARTS,130300,486843.16,428421.98,58421.18,0.12,122,0.588477,71,286496.18,286496.18,USD,34379.54,2.43
202304,202302,2,NIG-200,NIG-500,SPARE_PARTS,130300,481254.27,423503.76,57750.51,0.12,188,0.176955,33,85160.22,85160.22,USD,10219.23,2.43
202305,202305,0,NIG-200,NIG-500,SPARE_PARTS,130300,487153.55,428695.13,58458.43,0.12,216,1.0,216,487153.55,487153.55,USD,58458.43,2.43
202305,202304,1,NIG-200,NIG-500,SPARE_PARTS,130300,457283.01,402409.05,54873.96,0.12,122,0.588477,71,269100.7,269100.7,USD,32292.08,2.43
202305,202303,2,NIG-200,NIG-500,SPARE_PARTS,130300,486843.16,428421.98,58421.18,0.12,123,0.176955,21,86149.2,86149.2,USD,10337.9,2.43
202306,202306,0,NIG-200,NIG-500,SPARE_PARTS,130300,514962.53,453167.03,61795.5,0.12,139,1.0,139,514962.53,514962.53,USD,61795.5,2.43
202306,202305,1,NIG-200,NIG-500,SPARE_PARTS,130300,487153.55,428695.13,58458.43,0.12,194,0.588477,114,286678.84,286678.84,USD,34401.46,2.43
202306,202304,2,NIG-200,NIG-500,SPARE_PARTS,130300,457283.01,402409.05,54873.96,0.12,248,0.176955,43,80918.39,80918.39,USD,9710.21,2.43
202307,202307,0,NIG-200,NIG-500,SPARE_PARTS,130300,555789.79,489095.01,66694.77,0.12,227,1.0,227,555789.79,555789.79,USD,66694.77,2.43
202307,202306,1,NIG-200,NIG-500,SPARE_PARTS,130300,514962.53,453167.03,61795.5,0.12,189,0.588477,111,303043.8,303043.8,USD,36365.26,2.43
202307,202305,2,NIG-200,NIG-500,SPARE_PARTS,130300,487153.55,428695.13,58458.43,0.12,237,0.176955,41,86204.13,86204.13,USD,10344.5,2.43
202308,202308,0,NIG-200,NIG-500,SPARE_PARTS,130300,616093.07,542161.9,73931.17,0.12,229,1.0,229,616093.07,616093.07,USD,73931.17,2.43
202308,202307,1,NIG-200,NIG-500,SPARE_PARTS,130300,555789.79,489095.01,66694.77,0.12,192,0.588477,112,327069.71,327069.71,USD,39248.37,2.43
202308,202306,2,NIG-200,NIG-500,SPARE_PARTS,130300,514962.53,453167.03,61795.5,0.12,124,0.176955,21,91125.06,91125.06,USD,10935.01,2.43
202309,202309,0,NIG-200,NIG-500,SPARE_PARTS,130300,626939.76,551706.99,75232.77,0.12,226,1.0,226,626939.76,626939.76,USD,75232.77,2.43
202309,202308,1,NIG-200,NIG-500,SPARE_PARTS,130300,616093.07,542161.9,73931.17,0.12,237,0.588477,139,362556.83,362556.83,USD,43506.82,2.43
202309,202307,2,NIG-200,NIG-500,SPARE_PARTS,130300,555789.79,489095.01,66694.77,0.12,285,0.176955,50,98349.63,98349.63,USD,11801.96,2.43
202310,202310,0,NIG-200,NIG-500,SPARE_PARTS,130300,619250.08,544940.07,74310.01,0.12,299,1.0,299,619250.08,619250.08,USD,74310.01,2.43
202310,202309,1,NIG-200,NIG-500,SPARE_PARTS,130300,626939.76,551706.99,75232.77,0.12,163,0.588477,95,368939.86,368939.86,USD,44272.78,2.43
202310,202308,2,NIG-200,NIG-500,SPARE_PARTS,130300,616093.07,542161.9,73931.17,0.12,185,0.176955,32,109020.58,109020.58,USD,13082.47,2.43
202311,202311,0,NIG-200,NIG-500,SPARE_PARTS,130300,608309.42,535312.29,72997.13,0.12,208,1.0,208,608309.42,608309.42,USD,72997.13,2.43
202311,202310,1,NIG-200,NIG-500,SPARE_PARTS,130300,619250.08,544940.07,74310.01,0.12,168,0.588477,98,364414.66,364414.66,USD,43729.76,2.43
202311,202309,2,NIG-200,NIG-500,SPARE_PARTS,130300,626939.76,551706.99,75232.77,0.12,193,0.176955,34,110939.96,110939.96,USD,13312.79,2.43
202312,202312,0,NIG-200,NIG-500,SPARE_PARTS,130300,579354.0,509831.52,69522.48,0.12,149,1.0,149,579354.0,579354.0,USD,69522.48,2.43
202312,202311,1,NIG-200,NIG-500,SPARE_PARTS,130300,608309.42,535312.29,72997.13,0.12,186,0.588477,109,357976.32,357976.32,USD,42957.16,2.43
202312,202310,2,NIG-200,NIG-500,SPARE_PARTS,130300,619250.08,544940.07,74310.01,0.12,169,0.176955,29,109579.23,109579.23,USD,13149.51,2.43
202301,202301,0,NIG-200,NIG-510,SPARE_PARTS,130300,413970.95,364294.44,49676.51,0.12,134,1.0,134,413970.95,335438.1,GBP,49676.51,3.38
202302,202302,0,NIG-200,NIG-510,SPARE_PARTS,130300,383834.86,337774.67,46060.18,0.12,207,1.0,207,383834.86,315095.47,GBP,46060.18,3.38
202302,202301,1,NIG-200,NIG-510,SPARE_PARTS,130300,413970.95,364294.44,49676.51,0.12,134,0.704142,94,291494.34,239291.83,GBP,34979.32,3.38
202303,202303,0,NIG-200,NIG-510,SPARE_PARTS,130300,377556.65,332249.85,45306.8,0.12,136,1.0,136,377556.65,306296.11,GBP,45306.8,3.38
202303,202302,1,NIG-200,NIG-510,SPARE_PARTS,130300,383834.86,337774.67,46060.18,0.12,116,0.704142,81,270274.25,219262.33,GBP,32432.91,3.38
202303,202301,2,NIG-200,NIG-510,SPARE_PARTS,130300,413970.95,364294.44,49676.51,0.12,102,0.408284,41,169017.73,137117.1,GBP,20282.13,3.38
202304,202304,0,NIG-200,NIG-510,SPARE_PARTS,130300,350357.91,308314.96,42042.95,0.12,137,1.0,137,350357.91,279231.14,GBP,42042.95,3.38
202304,202303,1,NIG-200,NIG-510,SPARE_PARTS,130300,377556.65,332249.85,45306.8,0.12,140,0.704142,98,265853.5,211882.12,GBP,31902.42,3.38
202304,202302,2,NIG-200,NIG-510,SPARE_PARTS,130300,383834.86,337774.67,46060.18,0.12,104,0.408284,42,156713.64,124898.93,GBP,18805.64,3.38
202304,202301,3,NIG-200,NIG-510,SPARE_PARTS,130300,413970.95,364294.44,49676.51,0.12,165,0.112426,18,46541.11,37092.72,GBP,5584.93,3.38
202305,202305,0,NIG-200,NIG-510,SPARE_PARTS,130300,356111.6,313378.21,42733.39,0.12,85,1.0,85,356111.6,281753.25,GBP,42733.39,3.38
202305,202304,1,NIG-200,NIG-510,SPARE_PARTS,130300,350357.91,308314.96,42042.95,0.12,91,0.704142,64,246701.72,195188.85,GBP,29604.21,3.38
202305,202303,2,NIG-200,NIG-510,SPARE_PARTS,130300,377556.65,332249.85,45306.8,0.12,105,0.408284,42,154150.35,121962.78,GBP,18498.04,3.38
202305,202302,3,NIG-200,NIG-510,SPARE_PARTS,130300,383834.86,337774.67,46060.18,0.12,134,0.112426,15,43153.03,34142.41,GBP,5178.36,3.38
202306,202306,0,NIG-200,NIG-510,SPARE_PARTS,130300,380080.54,334470.88,45609.66,0.12,133,1.0,133,380080.54,299362.68,GBP,45609.66,3.38
202306,202305,1,NIG-200,NIG-510,SPARE_PARTS,130300,356111.6,313378.21,42733.39,0.12,130,0.704142,91,250753.14,197500.59,GBP,30090.38,3.38
202306,202304,2,NIG-200,NIG-510,SPARE_PARTS,130300,350357.91,308314.96,42042.95,0.12,108,0.408284,44,143045.54,112666.9,GBP,17165.46,3.38
202306,202303,3,NIG-200,NIG-510,SPARE_PARTS,130300,377556.65,332249.85,45306.8,0.12,105,0.112426,11,42447.2,33432.67,GBP,5093.66,3.38
202307,202307,0,NIG-200,NIG-510,SPARE_PARTS,130300,408631.45,359595.68,49035.77,0.12,132,1.0,132,408631.45,316509.58,GBP,49035.77,3.38
202307,202306,1,NIG-200,NIG-510,SPARE_PARTS,130300,380080.54,334470.88,45609.66,0.12,179,0.704142,126,267630.68,207296.02,GBP,32115.68,3.38
202307,202305,2,NIG-200,NIG-510,SPARE_PARTS,130300,356111.6,313378.21,42733.39,0.12,158,0.408284,64,145394.68,112616.9,GBP,17447.36,3.38
202307,202304,3,NIG-200,NIG-510,SPARE_PARTS,130300,350357.91,308314.96,42042.95,0.12,164,0.112426,18,39389.35,30509.42,GBP,4726.72,3.38
202308,202308,0,NIG-200,NIG-510,SPARE_PARTS,130300,405241.06,356612.13,48628.93,0.12,108,1.0,108,405241.06,318339.39,GBP,48628.93,3.38
202308,202307,1,NIG-200,NIG-510,SPARE_PARTS,130300,408631.45,359595.68,49035.77,0.12,213,0.704142,149,287734.57,226031.51,GBP,34528.15,3.38
202308,202306,2,NIG-200,NIG-510,SPARE_PARTS,130300,380080.54,334470.88,45609.66,0.12,94,0.408284,38,155180.81,121903.16,GBP,18621.7,3.38
202308,202305,3,NIG-200,NIG-510,SPARE_PARTS,130300,356111.6,313378.21,42733.39,0.12,88,0.112426,9,40036.22,31450.67,GBP,4804.35,3.38
202309,202309,0,NIG-200,NIG-510,SPARE_PARTS,130300,432167.16,380307.1,51860.06,0.12,175,1.0,175,432167.16,349019.41,GBP,51860.06,3.38
202309,202308,1,NIG-200,NIG-510,SPARE_PARTS,130300,405241.06,356612.13,48628.93,0.12,132,0.704142,92,285347.25,230447.24,GBP,34241.67,3.38
202309,202307,2,NIG-200,NIG-510,SPARE_PARTS,130300,408631.45,359595.68,49035.77,0.12,132,0.408284,53,166837.69,134738.59,GBP,20020.52,3.38
202309,202306,3,NIG-200,NIG-510,SPARE_PARTS,130300,380080.54,334470.88,45609.66,0.12,95,0.112426,10,42730.95,34509.63,GBP,5127.71,3.38
202310,202310,0,NIG-200,NIG-510,SPARE_PARTS,130300,449456.27,395521.52,53934.75,0.12,169,1.0,169,449456.27,359739.44,GBP,53934.75,3.38
202310,202309,1,NIG-200,NIG-510,SPARE_PARTS,130300,432167.16,380307.1,51860.06,0.12,123,0.704142,86,304307.05,243563.74,GBP,36516.85,3.38
202310,202308,2,NIG-200,NIG-510,SPARE_PARTS,130300,405241.06,356612.13,48628.93,0.12,130,0.408284,53,165453.45,132426.97,GBP,19854.41,3.38
202310,202307,3,NIG-200,NIG-510,SPARE_PARTS,130300,408631.45,359595.68,49035.77,0.12,128,0.112426,14,45940.81,36770.48,GBP,5512.9,3.38
202311,202311,0,NIG-200,NIG-510,SPARE_PARTS,130300,453665.16,399225.34,54439.82,0.12,125,1.0,125,453665.16,370630.22,GBP,54439.82,3.38
202311,202310,1,NIG-200,NIG-510,SPARE_PARTS,130300,449456.27,395521.52,53934.75,0.12,234,0.704142,164,316481.04,258555.1,GBP,37977.73,3.38
202311,202309,2,NIG-200,NIG-510,SPARE_PARTS,130300,432167.16,380307.1,51860.06,0.12,111,0.408284,45,176446.95,144151.63,GBP,21173.63,3.38
202311,202308,3,NIG-200,NIG-510,SPARE_PARTS,130300,405241.06,356612.13,48628.93,0.12,113,0.112426,12,45559.65,37220.8,GBP,5467.16,3.38
202312,202312,0,NIG-200,NIG-510,SPARE_PARTS,130300,414926.39,365135.23,49791.17,0.12,153,1.0,153,414926.39,325560.14,GBP,49791.17,3.38
202312,202311,1,NIG-200,NIG-510,SPARE_PARTS,130300,453665.16,399225.34,54439.82,0.12,199,0.704142,140,319444.7,250643.15,GBP,38333.36,3.38
202312,202310,2,NIG-200,NIG-510,SPARE_PARTS,130300,449456.27,395521.52,53934.75,0.12,152,0.408284,62,183505.82,143982.59,GBP,22020.7,3.38
202312,202309,3,NIG-200,NIG-510,SPARE_PARTS,130300,432167.16,380307.1,51860.06,0.12,115,0.112426,12,48586.84,38122.28,GBP,5830.42,3.38
202304,202304,0,NIG-220,NIG-200,COMPONENTS,130100,363870.68,327483.62,36387.07,0.1,182,1.0,182,363870.68,363870.68,USD,36387.07,1.89
202305,202305,0,NIG-220,NIG-200,COMPONENTS,130100,358647.3,322782.57,35864.73,0.1,162,1.0,162,358647.3,358647.3,USD,35864.73,1.89
202305,202304,1,NIG-220,NIG-200,COMPONENTS,130100,363870.68,327483.62,36387.07,0.1,92,0.470899,43,171346.51,171346.51,USD,17134.65,1.89
202306,202306,0,NIG-220,NIG-200,COMPONENTS,130100,325669.24,293102.31,32566.92,0.1,170,1.0,170,325669.24,325669.24,USD,32566.92,1.89
202306,202305,1,NIG-220,NIG-200,COMPONENTS,130100,358647.3,322782.57,35864.73,0.1,129,0.470899,60,168886.82,168886.82,USD,16888.68,1.89
202307,202307,0,NIG-220,NIG-200,COMPONENTS,130100,335711.31,302140.18,33571.13,0.1,141,1.0,141,335711.31,335711.31,USD,33571.13,1.89
202307,202306,1,NIG-220,NIG-200,COMPONENTS,130100,325669.24,293102.31,32566.92,0.1,81,0.470899,38,153357.47,153357.47,USD,15335.75,1.89
202308,202308,0,NIG-220,NIG-200,COMPONENTS,130100,346313.41,311682.07,34631.34,0.1,86,1.0,86,346313.41,346313.41,USD,34631.34,1.89
202308,202307,1,NIG-220,NIG-200,COMPONENTS,130100,335711.31,302140.18,33571.13,0.1,87,0.470899,40,158086.28,158086.28,USD,15808.63,1.89
202309,202309,0,NIG-220,NIG-200,COMPONENTS,130100,337999.2,304199.28,33799.92,0.1,124,1.0,124,337999.2,337999.2,USD,33799.92,1.89
202309,202308,1,NIG-220,NIG-200,COMPONENTS,130100,346313.41,311682.07,34631.34,0.1,91,0.470899,42,163078.8,163078.8,USD,16307.88,1.89
202310,202310,0,NIG-220,NIG-200,COMPONENTS,130100,386331.13,347698.02,38633.11,0.1,204,1.0,204,386331.13,386331.13,USD,38633.11,1.89
202310,202309,1,NIG-220,NIG-200,COMPONENTS,130100,337999.2,304199.28,33799.92,0.1,98,0.470899,46,159163.65,159163.65,USD,15916.36,1.89
202311,202311,0,NIG-220,NIG-200,COMPONENTS,130100,418258.63,376432.76,41825.86,0.1,115,1.0,115,418258.63,418258.63,USD,41825.86,1.89
202311,202310,1,NIG-220,NIG-200,COMPONENTS,130100,386331.13,347698.02,38633.11,0.1,192,0.470899,90,181923.12,181923.12,USD,18192.31,1.89
202312,202312,0,NIG-220,NIG-200,COMPONENTS,130100,429199.1,386279.19,42919.91,0.1,178,1.0,178,429199.1,429199.1,USD,42919.91,1.89
202312,202311,1,NIG-220,NIG-200,COMPONENTS,130100,418258.63,376432.76,41825.86,0.1,124,0.470899,58,196957.77,196957.77,USD,19695.78,1.89
202401,202401,0,NIG-200,NIG-210,FINISHED_GOODS,130300,1047122.02,921467.38,125654.64,0.12,253,1.0,253,1047122.02,1352872.81,CAD,125654.64,2.97
202402,202402,0,NIG-200,NIG-210,FINISHED_GOODS,130300,1005555.44,884888.79,120666.65,0.12,302,1.0,302,1005555.44,1299252.37,CAD,120666.65,2.97
202402,202401,1,NIG-200,NIG-210,FINISHED_GOODS,130300,1047122.02,921467.38,125654.64,0.12,517,0.6633,342,694555.69,897417.57,CAD,83346.68,2.97
202403,202403,0,NIG-200,NIG-210,FINISHED_GOODS,130300,936258.42,823907.41,112351.01,0.12,272,1.0,272,936258.42,1229028.6,CAD,112351.01,2.97
202403,202402,1,NIG-200,NIG-210,FINISHED_GOODS,130300,1005555.44,884888.79,120666.65,0.12,418,0.6633,277,666984.58,875552.21,CAD,80038.15,2.97
202403,202401,2,NIG-200,NIG-210,FINISHED_GOODS,130300,1047122.02,921467.38,125654.64,0.12,487,0.326599,159,341989.35,448930.21,CAD,41038.72,2.97
202404,202404,0,NIG-200,NIG-210,FINISHED_GOODS,130300,855130.16,752514.54,102615.62,0.12,236,1.0,236,855130.16,1124803.2,CAD,102615.62,2.97
202404,202403,1,NIG-200,NIG-210,FINISHED_GOODS,130300,936258.42,823907.41,112351.01,0.12,304,0.6633,201,621019.89,816864.14,CAD,74522.39,2.97
202404,202402,2,NIG-200,NIG-210,FINISHED_GOODS,130300,1005555.44,884888.79,120666.65,0.12,519,0.326599,169,328413.73,431981.97,CAD,39409.65,2.97
202405,202405,0,NIG-200,NIG-210,FINISHED_GOODS,130300,936634.38,824238.26,112396.13,0.12,239,1.0,239,936634.38,1238229.06,CAD,112396.13,2.97
202405,202404,1,NIG-200,NIG-210,FINISHED_GOODS,130300,855130.16,752514.54,102615.62,0.12,268,0.6633,177,567207.55,749847.41,CAD,68064.91,2.97
202405,202403,2,NIG-200,NIG-210,FINISHED_GOODS,130300,936258.42,823907.41,112351.01,0.12,360,0.326599,117,305781.37,404242.45,CAD,36693.76,2.97
202406,202406,0,NIG-200,NIG-210,FINISHED_GOODS,130300,963470.09,847853.68,115616.41,0.12,310,1.0,310,963470.09,1302924.34,CAD,115616.41,2.97
202406,202405,1,NIG-200,NIG-210,FINISHED_GOODS,130300,936634.38,824238.26,112396.13,0.12,507,0.6633,336,621269.27,840157.75,CAD,74552.31,2.97
202406,202404,2,NIG-200,NIG-210,FINISHED_GOODS,130300,855130.16,752514.54,102615.62,0.12,242,0.326599,79,279284.93,377683.9,CAD,33514.19,2.97
202407,202407,0,NIG-200,NIG-210,FINISHED_GOODS,130300,1045854.51,920351.97,125502.54,0.12,387,1.0,387,1045854.51,1477801.45,CAD,125502.54,2.97
202407,202406,1,NIG-200,NIG-210,FINISHED_GOODS,130300,963470.09,847853.68,115616.41,0.12,234,0.6633,155,639069.38,903010.56,CAD,76688.33,2.97
202407,202405,2,NIG-200,NIG-210,FINISHED_GOODS,130300,936634.38,824238.26,112396.13,0.12,244,0.326599,79,305904.16,432245.22,CAD,36708.5,2.97
202408,202408,0,NIG-200,NIG-210,FINISHED_GOODS,130300,1188366.35,1045762.39,142603.96,0.12,283,1.0,283,1188366.35,1646265.41,CAD,142603.96,2.97
202408,202407,1,NIG-200,NIG-210,FINISHED_GOODS,130300,1045854.51,920351.97,125502.54,0.12,561,0.6633,372,693714.94,961015.87,CAD,83245.79,2.97
202408,202406,2,NIG-200,NIG-210,FINISHED_GOODS,130300,963470.09,847853.68,115616.41,0.12,242,0.326599,79,314668.68,435916.22,CAD,37760.24,2.97
202409,202409,0,NIG-200,NIG-210,FINISHED_GOODS,130300,1217586.37,1071476.01,146110.36,0.12,319,1.0,319,1217586.37,1711837.18,CAD,146110.36,2.97
202409,202408,1,NIG-200,NIG-210,FINISHED_GOODS,130300,1188366.35,1045762.39,142603.96,0.12,596,0.6633,395,788243.0,1108211.87,CAD,94589.16,2.97
202409,202407,2,NIG-200,NIG-210,FINISHED_GOODS,130300,1045854.51,920351.97,125502.54,0.12,262,0.326599,85,341575.38,480229.94,CAD,40989.05,2.97
202410,202410,0,NIG-200,NIG-210,FINISHED_GOODS,130300,1213968.3,1068292.1,145676.2,0.12,529,1.0,529,1213968.3,1719706.23,CAD,145676.2,2.97
202410,202409,1,NIG-200,NIG-210,FINISHED_GOODS,130300,1217586.37,1071476.01,146110.36,0.12,461,0.6633,305,807624.63,1144080.21,CAD,96914.96,2.97
202410,202408,2,NIG-200,NIG-210,FINISHED_GOODS,130300,1188366.35,1045762.39,142603.96,0.12,316,0.326599,103,388119.65,549809.89,CAD,46574.36,2.97
202411,202411,0,NIG-200,NIG-210,FINISHED_GOODS,130300,1121838.75,987218.1,134620.65,0.12,274,1.0,274,1121838.75,1616363.38,CAD,134620.65,2.97
202411,202410,1,NIG-200,NIG-210,FINISHED_GOODS,130300,1213968.3,1068292.1,145676.2,0.12,310,0.6633,205,805224.76,1160180.83,CAD,96626.97,2.97
202411,202409,2,NIG-200,NIG-210,FINISHED_GOODS,130300,1217586.37,1071476.01,146110.36,0.12,475,0.326599,155,397662.89,572959.11,CAD,47719.55,2.97
202412,202412,0,NIG-200,NIG-210,FINISHED_GOODS,130300,1110215.22,976989.39,133225.83,0.12,341,1.0,341,1110215.22,1595366.03,CAD,133225.83,2.97
202412,202411,1,NIG-200,NIG-210,FINISHED_GOODS,130300,1121838.75,987218.1,134620.65,0.12,514,0.6633,340,744115.27,1069284.76,CAD,89293.83,2.97
202412,202410,2,NIG-200,NIG-210,FINISHED_GOODS,130300,1213968.3,1068292.1,145676.2,0.12,600,0.326599,195,396481.23,569738.8,CAD,47577.75,2.97
202401,202401,0,NIG-200,NIG-500,SPARE_PARTS,130300,669319.16,589000.86,80318.3,0.12,265,1.0,265,669319.16,669319.16,USD,80318.3,2.43
202402,202402,0,NIG-200,NIG-500,SPARE_PARTS,130300,615327.61,541488.3,73839.31,0.12,174,1.0,174,615327.61,615327.61,USD,73839.31,2.43
202402,202401,1,NIG-200,NIG-500,SPARE_PARTS,130300,669319.16,589000.86,80318.3,0.12,362,0.588477,213,393879.18,393879.18,USD,47265.5,2.43
202403,202403,0,NIG-200,NIG-500,SPARE_PARTS,130300,583728.96,513681.48,70047.48,0.12,142,1.0,142,583728.96,583728.96,USD,70047.48,2.43
202403,202402,1,NIG-200,NIG-500,SPARE_PARTS,130300,615327.61,541488.3,73839.31,0.12,320,0.588477,188,362106.37,362106.37,USD,43452.76,2.43
202403,202401,2,NIG-200,NIG-500,SPARE_PARTS,130300,669319.16,589000.86,80318.3,0.12,189,0.176955,33,118439.19,118439.19,USD,14212.7,2.43
202404,202404,0,NIG-200,NIG-500,SPARE_PARTS,130300,576141.47,507004.5,69136.98,0.12,146,1.0,146,576141.47,576141.47,USD,69136.98,2.43
202404,202403,1,NIG-200,NIG-500,SPARE_PARTS,130300,583728.96,513681.48,70047.48,0.12,166,0.588477,97,343511.28,343511.28,USD,41221.35,2.43
202404,202402,2,NIG-200,NIG-500,SPARE_PARTS,130300,615327.61,541488.3,73839.31,0.12,294,0.176955,52,108885.13,108885.13,USD,13066.22,2.43
202405,202405,0,NIG-200,NIG-500,SPARE_PARTS,130300,566587.33,498596.85,67990.48,0.12,295,1.0,295,566587.33,566587.33,USD,67990.48,2.43
202405,202404,1,NIG-200,NIG-500,SPARE_PARTS,130300,576141.47,507004.5,69136.98,0.12,154,0.588477,90,339046.22,339046.22,USD,40685.55,2.43
202405,202403,2,NIG-200,NIG-500,SPARE_PARTS,130300,583728.96,513681.48,70047.48,0.12,164,0.176955,29,103293.6,103293.6,USD,12395.23,2.43
202406,202406,0,NIG-200,NIG-500,SPARE_PARTS,130300,609823.16,536644.38,73178.78,0.12,283,1.0,283,609823.16,609823.16,USD,73178.78,2.43
202406,202405,1,NIG-200,NIG-500,SPARE_PARTS,130300,566587.33,498596.85,67990.48,0.12,183,0.588477,107,333423.82,333423.82,USD,40010.86,2.43
202406,202404,2,NIG-200,NIG-500,SPARE_PARTS,130300,576141.47,507004.5,69136.98,0.12,186,0.176955,32,101950.96,101950.96,USD,12234.12,2.43
202407,202407,0,NIG-200,NIG-500,SPARE_PARTS,130300,653956.27,575481.52,78474.75,0.12,326,1.0,326,653956.27,653956.27,USD,78474.75,2.43
202407,202406,1,NIG-200,NIG-500,SPARE_PARTS,130300,609823.16,536644.38,73178.78,0.12,181,0.588477,106,358867.13,358867.13,USD,43064.06,2.43
202407,202405,2,NIG-200,NIG-500,SPARE_PARTS,130300,566587.33,498596.85,67990.48,0.12,314,0.176955,55,100260.31,100260.31,USD,12031.24,2.43
202408,202408,0,NIG-200,NIG-500,SPARE_PARTS,130300,705977.14,621259.88,84717.26,0.12,185,1.0,185,705977.14,705977.14,USD,84717.26,2.43
202408,202407,1,NIG-200,NIG-500,SPARE_PARTS,130300,653956.27,575481.52,78474.75,0.12,264,0.588477,155,384838.46,384838.46,USD,46180.62,2.43
202408,202406,2,NIG-200,NIG-500,SPARE_PARTS,130300,609823.16,536644.38,73178.78,0.12,203,0.176955,35,107911.09,107911.09,USD,12949.33,2.43
202409,202409,0,NIG-200,NIG-500,SPARE_PARTS,130300,676003.01,594882.65,81120.36,0.12,186,1.0,186,676003.01,676003.01,USD,81120.36,2.43
202409,202408,1,NIG-200,NIG-500,SPARE_PARTS,130300,705977.14,621259.88,84717.26,0.12,174,0.588477,102,415451.57,415451.57,USD,49854.19,2.43
202409,202407,2,NIG-200,NIG-500,SPARE_PARTS,130300,653956.27,575481.52,78474.75,0.12,178,0.176955,31,115720.66,115720.66,USD,13886.48,2.43
202410,202410,0,NIG-200,NIG-500,SPARE_PARTS,130300,724399.84,637471.86,86927.98,0.12,346,1.0,346,724399.84,724399.84,USD,86927.98,2.43
202410,202409,1,NIG-200,NIG-500,SPARE_PARTS,130300,676003.01,594882.65,81120.36,0.12,282,0.588477,165,397812.47,397812.47,USD,47737.5,2.43
202410,202408,2,NIG-200,NIG-500,SPARE_PARTS,130300,705977.14,621259.88,84717.26,0.12,283,0.176955,50,124926.0,124926.0,USD,14991.12,2.43
202411,202411,0,NIG-200,NIG-500,SPARE_PARTS,130300,716497.51,630517.81,85979.7,0.12,198,1.0,198,716497.51,716497.51,USD,85979.7,2.43
202411,202410,1,NIG-200,NIG-500,SPARE_PARTS,130300,724399.84,637471.86,86927.98,0.12,245,0.588477,144,426292.91,426292.91,USD,51155.15,2.43
202411,202409,2,NIG-200,NIG-500,SPARE_PARTS,130300,676003.01,594882.65,81120.36,0.12,242,0.176955,42,119621.93,119621.93,USD,14354.63,2.43
202412,202412,0,NIG-200,NIG-500,SPARE_PARTS,130300,728238.54,640849.91,87388.62,0.12,378,1.0,378,728238.54,728238.54,USD,87388.62,2.43
202412,202411,1,NIG-200,NIG-500,SPARE_PARTS,130300,716497.51,630517.81,85979.7,0.12,344,0.588477,202,421642.57,421642.57,USD,50597.11,2.43
202412,202410,2,NIG-200,NIG-500,SPARE_PARTS,130300,724399.84,637471.86,86927.98,0.12,306,0.176955,54,128185.98,128185.98,USD,15382.32,2.43
202401,202401,0,NIG-200,NIG-510,SPARE_PARTS,130300,489019.29,430336.97,58682.31,0.12,136,1.0,136,489019.29,391224.85,GBP,58682.31,3.38
202402,202402,0,NIG-200,NIG-510,SPARE_PARTS,130300,434464.35,382328.62,52135.72,0.12,146,1.0,146,434464.35,343329.54,GBP,52135.72,3.38
202402,202401,1,NIG-200,NIG-510,SPARE_PARTS,130300,489019.29,430336.97,58682.31,0.12,144,0.704142,101,344339.03,272109.24,GBP,41320.68,3.38
202403,202403,0,NIG-200,NIG-510,SPARE_PARTS,130300,413056.23,363489.48,49566.75,0.12,211,1.0,211,413056.23,331815.48,GBP,49566.75,3.38
202403,202402,1,NIG-200,NIG-510,SPARE_PARTS,130300,434464.35,382328.62,52135.72,0.12,140,0.704142,98,305924.6,245754.72,GBP,36710.95,3.38
202403,202401,2,NIG-200,NIG-510,SPARE_PARTS,130300,489019.29,430336.97,58682.31,0.12,167,0.408284,68,199658.76,160389.47,GBP,23959.05,3.38
202404,202404,0,NIG-200,NIG-510,SPARE_PARTS,130300,391421.36,344450.8,46970.56,0.12,99,1.0,99,391421.36,317126.66,GBP,46970.56,3.38
202404,202403,1,NIG-200,NIG-510,SPARE_PARTS,130300,413056.23,363489.48,49566.75,0.12,112,0.704142,78,290850.24,235644.69,GBP,34902.03,3.38
202404,202402,2,NIG-200,NIG-510,SPARE_PARTS,130300,434464.35,382328.62,52135.72,0.12,110,0.408284,44,177384.85,143715.88,GBP,21286.18,3.38
202404,202401,3,NIG-200,NIG-510,SPARE_PARTS,130300,489019.29,430336.97,58682.31,0.12,224,0.112426,25,54978.5,44543.17,GBP,6597.42,3.38
202405,202405,0,NIG-200,NIG-510,SPARE_PARTS,130300,405699.55,357015.6,48683.95,0.12,206,1.0,206,405699.55,332350.61,GBP,48683.95,3.38
202405,202404,1,NIG-200,NIG-510,SPARE_PARTS,130300,391421.36,344450.8,46970.56,0.12,93,0.704142,65,275616.22,225785.86,GBP,33073.95,3.38
202405,202403,2,NIG-200,NIG-510,SPARE_PARTS,130300,413056.23,363489.48,49566.75,0.12,132,0.408284,53,168644.26,138154.02,GBP,20237.31,3.38
202405,202402,3,NIG-200,NIG-510,SPARE_PARTS,130300,434464.35,382328.62,52135.72,0.12,115,0.112426,12,48845.1,40014.09,GBP,5861.41,3.38
202406,202406,0,NIG-200,NIG-510,SPARE_PARTS,130300,442054.94,389008.35,53046.59,0.12,224,1.0,224,442054.94,365953.49,GBP,53046.59,3.38
202406,202405,1,NIG-200,NIG-510,SPARE_PARTS,130300,405699.55,357015.6,48683.95,0.12,165,0.704142,116,285670.1,236490.9,GBP,34280.41,3.38
202406,202404,2,NIG-200,NIG-510,SPARE_PARTS,130300,391421.36,344450.8,46970.56,0.12,141,0.408284,57,159811.09,132299.0,GBP,19177.33,3.38
202406,202403,3,NIG-200,NIG-510,SPARE_PARTS,130300,413056.23,363489.48,49566.75,0.12,100,0.112426,11,46438.27,38443.75,GBP,5572.59,3.38
202407,202407,0,NIG-200,NIG-510,SPARE_PARTS,130300,476066.11,418938.18,57127.93,0.12,215,1.0,215,476066.11,381456.7,GBP,57127.93,3.38
202407,202406,1,NIG-200,NIG-510,SPARE_PARTS,130300,442054.94,389008.35,53046.59,0.12,129,0.704142,90,311269.46,249410.36,GBP,37352.33,3.38
202407,202405,2,NIG-200,NIG-510,SPARE_PARTS,130300,405699.55,357015.6,48683.95,0.12,151,0.408284,61,165640.64,132722.6,GBP,19876.88,3.38
202407,202404,3,NIG-200,NIG-510,SPARE_PARTS,130300,391421.36,344450.8,46970.56,0.12,104,0.112426,11,44005.95,35260.58,GBP,5280.71,3.38
202408,202408,0,NIG-200,NIG-510,SPARE_PARTS,130300,544991.54,479592.55,65398.98,0.12,150,1.0,150,544991.54,427559.69,GBP,65398.98,3.38
202408,202407,1,NIG-200,NIG-510,SPARE_PARTS,130300,476066.11,418938.18,57127.93,0.12,122,0.704142,85,335218.15,262987.14,GBP,40226.18,3.38
202408,202406,2,NIG-200,NIG-510,SPARE_PARTS,130300,442054.94,389008.35,53046.59,0.12,121,0.408284,49,180483.97,141594.25,GBP,21658.08,3.38
202408,202405,3,NIG-200,NIG-510,SPARE_PARTS,130300,405699.55,357015.6,48683.95,0.12,129,0.112426,14,45611.19,35783.14,GBP,5473.34,3.38
202409,202409,0,NIG-200,NIG-510,SPARE_PARTS,130300,526982.7,463744.78,63237.92,0.12,292,1.0,292,526982.7,424744.9,GBP,63237.92,3.38
202409,202408,1,NIG-200,NIG-510,SPARE_PARTS,130300,544991.54,479592.55,65398.98,0.12,197,0.704142,138,383751.44,309301.36,GBP,46050.17,3.38
202409,202407,2,NIG-200,NIG-510,SPARE_PARTS,130300,476066.11,418938.18,57127.93,0.12,238,0.408284,97,194370.19,156661.21,GBP,23324.42,3.38
202409,202406,3,NIG-200,NIG-510,SPARE_PARTS,130300,442054.94,389008.35,53046.59,0.12,241,0.112426,27,49698.48,40056.68,GBP,5963.82,3.38
202410,202410,0,NIG-200,NIG-510,SPARE_PARTS,130300,534246.59,470137.0,64109.59,0.12,245,1.0,245,534246.59,433474.57,GBP,64109.59,3.38
202410,202409,1,NIG-200,NIG-510,SPARE_PARTS,130300,526982.7,463744.78,63237.92,0.12,201,0.704142,141,371070.66,301077.63,GBP,44528.48,3.38
202410,202408,2,NIG-200,NIG-510,SPARE_PARTS,130300,544991.54,479592.55,65398.98,0.12,194,0.408284,79,222511.34,180540.24,GBP,26701.36,3.38
202410,202407,3,NIG-200,NIG-510,SPARE_PARTS,130300,476066.11,418938.18,57127.93,0.12,145,0.112426,16,53522.23,43426.62,GBP,6422.67,3.38
202411,202411,0,NIG-200,NIG-510,SPARE_PARTS,130300,532206.01,468341.29,63864.72,0.12,249,1.0,249,532206.01,423288.88,GBP,63864.72,3.38
202411,202410,1,NIG-200,NIG-510,SPARE_PARTS,130300,534246.59,470137.0,64109.59,0.12,215,0.704142,151,376185.47,299198.28,GBP,45142.26,3.38
202411,202409,2,NIG-200,NIG-510,SPARE_PARTS,130300,526982.7,463744.78,63237.92,0.12,134,0.408284,54,215158.62,171125.93,GBP,25819.03,3.38
202411,202408,3,NIG-200,NIG-510,SPARE_PARTS,130300,544991.54,479592.55,65398.98,0.12,154,0.112426,17,61271.24,48731.94,GBP,7352.55,3.38
202412,202412,0,NIG-200,NIG-510,SPARE_PARTS,130300,528791.34,465336.38,63454.96,0.12,182,1.0,182,528791.34,422357.3,GBP,63454.96,3.38
202412,202411,1,NIG-200,NIG-510,SPARE_PARTS,130300,532206.01,468341.29,63864.72,0.12,136,0.704142,95,374748.61,299319.98,GBP,44969.83,3.38
202412,202410,2,NIG-200,NIG-510,SPARE_PARTS,130300,534246.59,470137.0,64109.59,0.12,166,0.408284,67,218124.35,174220.72,GBP,26174.92,3.38
202412,202409,3,NIG-200,NIG-510,SPARE_PARTS,130300,526982.7,463744.78,63237.92,0.12,140,0.112426,15,59246.58,47321.55,GBP,7109.59,3.38
202401,202401,0,NIG-220,NIG-200,COMPONENTS,130100,320658.73,288592.85,32065.87,0.1,99,1.0,99,320658.73,320658.73,USD,32065.87,1.89
202402,202402,0,NIG-220,NIG-200,COMPONENTS,130100,309633.7,278670.33,30963.37,0.1,74,1.0,74,309633.7,309633.7,USD,30963.37,1.89
202402,202401,1,NIG-220,NIG-200,COMPONENTS,130100,320658.73,288592.85,32065.87,0.1,146,0.470899,68,150998.02,150998.02,USD,15099.8,1.89
202403,202403,0,NIG-220,NIG-200,COMPONENTS,130100,281312.47,253181.22,28131.25,0.1,107,1.0,107,281312.47,281312.47,USD,28131.25,1.89
202403,202402,1,NIG-220,NIG-200,COMPONENTS,130100,309633.7,278670.33,30963.37,0.1,81,0.470899,38,145806.35,145806.35,USD,14580.63,1.89
202404,202404,0,NIG-220,NIG-200,COMPONENTS,130100,279737.94,251764.14,27973.79,0.1,70,1.0,70,279737.94,279737.94,USD,27973.79,1.89
202404,202403,1,NIG-220,NIG-200,COMPONENTS,130100,281312.47,253181.22,28131.25,0.1,75,0.470899,35,132469.89,132469.89,USD,13246.99,1.89
202405,202405,0,NIG-220,NIG-200,COMPONENTS,130100,289487.5,260538.75,28948.75,0.1,86,1.0,86,289487.5,289487.5,USD,28948.75,1.89
202405,202404,1,NIG-220,NIG-200,COMPONENTS,130100,279737.94,251764.14,27973.79,0.1,91,0.470899,42,131728.45,131728.45,USD,13172.84,1.89
202406,202406,0,NIG-220,NIG-200,COMPONENTS,130100,308445.47,277600.93,30844.55,0.1,82,1.0,82,308445.47,308445.47,USD,30844.55,1.89
202406,202405,1,NIG-220,NIG-200,COMPONENTS,130100,289487.5,260538.75,28948.75,0.1,113,0.470899,53,136319.51,136319.51,USD,13631.95,1.89
202407,202407,0,NIG-220,NIG-200,COMPONENTS,130100,327068.07,294361.26,32706.81,0.1,84,1.0,84,327068.07,327068.07,USD,32706.81,1.89
202407,202406,1,NIG-220,NIG-200,COMPONENTS,130100,308445.47,277600.93,30844.55,0.1,98,0.470899,46,145246.81,145246.81,USD,14524.68,1.89
202408,202408,0,NIG-220,NIG-200,COMPONENTS,130100,343501.42,309151.28,34350.14,0.1,169,1.0,169,343501.42,343501.42,USD,34350.14,1.89
202408,202407,1,NIG-220,NIG-200,COMPONENTS,130100,327068.07,294361.26,32706.81,0.1,92,0.470899,43,154016.18,154016.18,USD,15401.62,1.89
202409,202409,0,NIG-220,NIG-200,COMPONENTS,130100,359084.11,323175.7,35908.41,0.1,153,1.0,153,359084.11,359084.11,USD,35908.41,1.89
202409,202408,1,NIG-220,NIG-200,COMPONENTS,130100,343501.42,309151.28,34350.14,0.1,93,0.470899,43,161754.64,161754.64,USD,16175.46,1.89
202410,202410,0,NIG-220,NIG-200,COMPONENTS,130100,364803.11,328322.8,36480.31,0.1,124,1.0,124,364803.11,364803.11,USD,36480.31,1.89
202410,202409,1,NIG-220,NIG-200,COMPONENTS,130100,359084.11,323175.7,35908.41,0.1,85,0.470899,40,169092.52,169092.52,USD,16909.25,1.89
202411,202411,0,NIG-220,NIG-200,COMPONENTS,130100,364936.25,328442.63,36493.63,0.1,178,1.0,178,364936.25,364936.25,USD,36493.63,1.89
202411,202410,1,NIG-220,NIG-200,COMPONENTS,130100,364803.11,328322.8,36480.31,0.1,150,0.470899,70,171785.59,171785.59,USD,17178.56,1.89
202412,202412,0,NIG-220,NIG-200,COMPONENTS,130100,364331.23,327898.11,36433.12,0.1,90,1.0,90,364331.23,364331.23,USD,36433.12,1.89
202412,202411,1,NIG-220,NIG-200,COMPONENTS,130100,364936.25,328442.63,36493.63,0.1,124,0.470899,58,171848.29,171848.29,USD,17184.83,1.89
202501,202501,0,NIG-200,NIG-210,FINISHED_GOODS,130300,1227160.94,1079901.62,147259.31,0.12,617,1.0,617,1227160.94,1748721.27,CAD,147259.31,2.97
202502,202502,0,NIG-200,NIG-210,FINISHED_GOODS,130300,1147938.26,1010185.67,137752.59,0.12,462,1.0,462,1147938.26,1582677.41,CAD,137752.59,2.97
202502,202501,1,NIG-200,NIG-210,FINISHED_GOODS,130300,1227160.94,1079901.62,147259.31,0.12,647,0.6633,429,813975.44,1122238.52,CAD,97677.05,2.97
202503,202503,0,NIG-200,NIG-210,FINISHED_GOODS,130300,1014567.53,892819.43,121748.1,0.12,255,1.0,255,1014567.53,1349639.28,CAD,121748.1,2.97
202503,202502,1,NIG-200,NIG-210,FINISHED_GOODS,130300,1147938.26,1010185.67,137752.59,0.12,292,0.6633,193,761427.06,1012896.46,CAD,91371.25,2.97
202503,202501,2,NIG-200,NIG-210,FINISHED_GOODS,130300,1227160.94,1079901.62,147259.31,0.12,417,0.326599,136,400789.94,533155.09,CAD,48094.79,2.97
202504,202504,0,NIG-200,NIG-210,FINISHED_GOODS,130300,994562.54,875215.03,119347.5,0.12,524,1.0,524,994562.54,1292050.61,CAD,119347.5,2.97
202504,202503,1,NIG-200,NIG-210,FINISHED_GOODS,130300,1014567.53,892819.43,121748.1,0.12,250,0.6633,165,672962.3,874255.09,CAD,80755.48,2.97
202504,202502,2,NIG-200,NIG-210,FINISHED_GOODS,130300,1147938.26,1010185.67,137752.59,0.12,398,0.326599,129,374915.86,487058.63,CAD,44989.9,2.97
202505,202505,0,NIG-200,NIG-210,FINISHED_GOODS,130300,1081162.12,951422.66,129739.45,0.12,337,1.0,337,1081162.12,1382986.34,CAD,129739.45,2.97
202505,202504,1,NIG-200,NIG-210,FINISHED_GOODS,130300,994562.54,875215.03,119347.5,0.12,269,0.6633,178,659693.0,843857.17,CAD,79163.16,2.97
202505,202503,2,NIG-200,NIG-210,FINISHED_GOODS,130300,1014567.53,892819.43,121748.1,0.12,413,0.326599,134,331357.07,423860.86,CAD,39762.85,2.97
202506,202506,0,NIG-200,NIG-210,FINISHED_GOODS,130300,1078610.59,949177.32,129433.27,0.12,348,1.0,348,1078610.59,1393957.37,CAD,129433.27,2.97
202506,202505,1,NIG-200,NIG-210,FINISHED_GOODS,130300,1081162.12,951422.66,129739.45,0.12,300,0.6633,198,717134.47,926798.69,CAD,86056.14,2.97
202506,202504,2,NIG-200,NIG-210,FINISHED_GOODS,130300,994562.54,875215.03,119347.5,0.12,281,0.326599,91,324823.45,419790.1,CAD,38978.81,2.97
202507,202507,0,NIG-200,NIG-210,FINISHED_GOODS,130300,1256797.96,1105982.2,150815.75,0.12,662,1.0,662,1256797.96,1635685.62,CAD,150815.75,2.97
202507,202506,1,NIG-200,NIG-210,FINISHED_GOODS,130300,1078610.59,949177.32,129433.27,0.12,348,0.6633,230,715442.04,931126.8,CAD,85853.05,2.97
202507,202505,2,NIG-200,NIG-210,FINISHED_GOODS,130300,1081162.12,951422.66,129739.45,0.12,496,0.326599,161,353106.82,459558.15,CAD,42372.82,2.97
202508,202508,0,NIG-200,NIG-210,FINISHED_GOODS,130300,1265018.89,1113216.63,151802.27,0.12,464,1.0,464,1265018.89,1667961.56,CAD,151802.27,2.97
202508,202507,1,NIG-200,NIG-210,FINISHED_GOODS,130300,1256797.96,1105982.2,150815.75,0.12,482,0.6633,319,833633.66,1099168.49,CAD,100036.04,2.97
202508,202506,2,NIG-200,NIG-210,FINISHED_GOODS,130300,1078610.59,949177.32,129433.27,0.12,293,0.326599,95,352273.49,464482.11,CAD,42272.82,2.97
202509,202509,0,NIG-200,NIG-210,FINISHED_GOODS,130300,1357435.96,1194543.65,162892.32,0.12,333,1.0,333,1357435.96,1841636.14,CAD,162892.32,2.97
202509,202508,1,NIG-200,NIG-210,FINISHED_GOODS,130300,1265018.89,1113216.63,151802.27,0.12,458,0.6633,303,839086.61,1138390.51,CAD,100690.39,2.97
202509,202507,2,NIG-200,NIG-210,FINISHED_GOODS,130300,1256797.96,1105982.2,150815.75,0.12,352,0.326599,114,410469.37,556884.63,CAD,49256.32,2.97
202510,202510,0,NIG-200,NIG-210,FINISHED_GOODS,130300,1405522.22,1236859.56,168662.67,0.12,429,1.0,429,1405522.22,1883988.32,CAD,168662.67,2.97
202510,202509,1,NIG-200,NIG-210,FINISHED_GOODS,130300,1357435.96,1194543.65,162892.32,0.12,423,0.6633,280,900386.82,1206895.36,CAD,108046.42,2.97
202510,202508,2,NIG-200,NIG-210,FINISHED_GOODS,130300,1265018.89,1113216.63,151802.27,0.12,606,0.326599,197,413154.32,553799.79,CAD,49578.52,2.97
202511,202511,0,NIG-200,NIG-210,FINISHED_GOODS,130300,1339548.35,1178802.55,160745.8,0.12,481,1.0,481,1339548.35,1824705.72,CAD,160745.8,2.97
202511,202510,1,NIG-200,NIG-210,FINISHED_GOODS,130300,1405522.22,1236859.56,168662.67,0.12,729,0.6633,483,932282.42,1269936.29,CAD,111873.89,2.97
202511,202509,2,NIG-200,NIG-210,FINISHED_GOODS,130300,1357435.96,1194543.65,162892.32,0.12,442,0.326599,144,443337.67,603905.63,CAD,53200.52,2.97
202512,202512,0,NIG-200,NIG-210,FINISHED_GOODS,130300,1321674.64,1163073.69,158600.96,0.12,588,1.0,588,1321674.64,1822999.51,CAD,158600.96,2.97
202512,202511,1,NIG-200,NIG-210,FINISHED_GOODS,130300,1339548.35,1178802.55,160745.8,0.12,470,0.6633,311,888521.97,1225547.54,CAD,106622.64,2.97
202512,202510,2,NIG-200,NIG-210,FINISHED_GOODS,130300,1405522.22,1236859.56,168662.67,0.12,456,0.326599,148,459042.61,633162.22,CAD,55085.11,2.97
202501,202501,0,NIG-200,NIG-500,SPARE_PARTS,130300,795938.92,700426.25,95512.67,0.12,292,1.0,292,795938.92,795938.92,USD,95512.67,2.43
202502,202502,0,NIG-200,NIG-500,SPARE_PARTS,130300,733836.62,645776.22,88060.39,0.12,240,1.0,240,733836.62,733836.62,USD,88060.39,2.43
202502,202501,1,NIG-200,NIG-500,SPARE_PARTS,130300,795938.92,700426.25,95512.67,0.12,225,0.588477,132,468392.04,468392.04,USD,56207.04,2.43
202503,202503,0,NIG-200,NIG-500,SPARE_PARTS,130300,673722.24,592875.57,80846.67,0.12,207,1.0,207,673722.24,673722.24,USD,80846.67,2.43
202503,202502,1,NIG-200,NIG-500,SPARE_PARTS,130300,733836.62,645776.22,88060.39,0.12,195,0.588477,114,431846.24,431846.24,USD,51821.55,2.43
202503,202501,2,NIG-200,NIG-500,SPARE_PARTS,130300,795938.92,700426.25,95512.67,0.12,207,0.176955,36,140845.16,140845.16,USD,16901.42,2.43
202504,202504,0,NIG-200,NIG-500,SPARE_PARTS,130300,581284.01,511529.93,69754.08,0.12,171,1.0,171,581284.01,581284.01,USD,69754.08,2.43
202504,202503,1,NIG-200,NIG-500,SPARE_PARTS,130300,673722.24,592875.57,80846.67,0.12,174,0.588477,102,396470.29,396470.29,USD,47576.43,2.43
202504,202502,2,NIG-200,NIG-500,SPARE_PARTS,130300,733836.62,645776.22,88060.39,0.12,385,0.176955,68,129855.86,129855.86,USD,15582.7,2.43
202505,202505,0,NIG-200,NIG-500,SPARE_PARTS,130300,645078.87,567669.41,77409.46,0.12,154,1.0,154,645078.87,645078.87,USD,77409.46,2.43
202505,202504,1,NIG-200,NIG-500,SPARE_PARTS,130300,581284.01,511529.93,69754.08,0.12,179,0.588477,105,342072.48,342072.48,USD,41048.7,2.43
202505,202503,2,NIG-200,NIG-500,SPARE_PARTS,130300,673722.24,592875.57,80846.67,0.12,335,0.176955,59,119218.34,119218.34,USD,14306.2,2.43
202506,202506,0,NIG-200,NIG-500,SPARE_PARTS,130300,682871.33,600926.77,81944.56,0.12,191,1.0,191,682871.33,682871.33,USD,81944.56,2.43
202506,202505,1,NIG-200,NIG-500,SPARE_PARTS,130300,645078.87,567669.41,77409.46,0.12,220,0.588477,129,379614.31,379614.31,USD,45553.72,2.43
202506,202504,2,NIG-200,NIG-500,SPARE_PARTS,130300,581284.01,511529.93,69754.08,0.12,256,0.176955,45,102860.96,102860.96,USD,12343.31,2.43
202507,202507,0,NIG-200,NIG-500,SPARE_PARTS,130300,723716.75,636870.74,86846.01,0.12,237,1.0,237,723716.75,723716.75,USD,86846.01,2.43
202507,202506,1,NIG-200,NIG-500,SPARE_PARTS,130300,682871.33,600926.77,81944.56,0.12,184,0.588477,108,401854.32,401854.32,USD,48222.52,2.43
202507,202505,2,NIG-200,NIG-500,SPARE_PARTS,130300,645078.87,567669.41,77409.46,0.12,207,0.176955,36,114149.76,114149.76,USD,13697.97,2.43
202508,202508,0,NIG-200,NIG-500,SPARE_PARTS,130300,782278.31,688404.91,93873.4,0.12,348,1.0,348,782278.31,782278.31,USD,93873.4,2.43
202508,202507,1,NIG-200,NIG-500,SPARE_PARTS,130300,723716.75,636870.74,86846.01,0.12,202,0.588477,118,425890.93,425890.93,USD,51106.91,2.43
202508,202506,2,NIG-200,NIG-500,SPARE_PARTS,130300,682871.33,600926.77,81944.56,0.12,294,0.176955,52,120837.31,120837.31,USD,14500.48,2.43
202509,202509,0,NIG-200,NIG-500,SPARE_PARTS,130300,859294.27,756178.96,103115.31,0.12,247,1.0,247,859294.27,859294.27,USD,103115.31,2.43
202509,202508,1,NIG-200,NIG-500,SPARE_PARTS,130300,782278.31,688404.91,93873.4,0.12,205,0.588477,120,460353.08,460353.08,USD,55242.37,2.43
202509,202507,2,NIG-200,NIG-500,SPARE_PARTS,130300,723716.75,636870.74,86846.01,0.12,228,0.176955,40,128065.1,128065.1,USD,15367.81,2.43
202510,202510,0,NIG-200,NIG-500,SPARE_PARTS,130300,851296.97,749141.33,102155.64,0.12,264,1.0,264,851296.97,851296.97,USD,102155.64,2.43
202510,202509,1,NIG-200,NIG-500,SPARE_PARTS,130300,859294.27,756178.96,103115.31,0.12,211,0.588477,124,505675.23,505675.23,USD,60681.03,2.43
202510,202508,2,NIG-200,NIG-500,SPARE_PARTS,130300,782278.31,688404.91,93873.4,0.12,280,0.176955,49,138427.85,138427.85,USD,16611.34,2.43
202511,202511,0,NIG-200,NIG-500,SPARE_PARTS,130300,822197.4,723533.72,98663.69,0.12,359,1.0,359,822197.4,822197.4,USD,98663.69,2.43
202511,202510,1,NIG-200,NIG-500,SPARE_PARTS,130300,851296.97,749141.33,102155.64,0.12,263,0.588477,154,500969.0,500969.0,USD,60116.28,2.43
202511,202509,2,NIG-200,NIG-500,SPARE_PARTS,130300,859294.27,756178.96,103115.31,0.12,205,0.176955,36,152056.19,152056.19,USD,18246.74,2.43
202512,202512,0,NIG-200,NIG-500,SPARE_PARTS,130300,818484.32,720266.2,98218.12,0.12,266,1.0,266,818484.32,818484.32,USD,98218.12,2.43
202512,202511,1,NIG-200,NIG-500,SPARE_PARTS,130300,822197.4,723533.72,98663.69,0.12,218,0.588477,128,483844.56,483844.56,USD,58061.35,2.43
202512,202510,2,NIG-200,NIG-500,SPARE_PARTS,130300,851296.97,749141.33,102155.64,0.12,469,0.176955,82,150641.03,150641.03,USD,18076.92,2.43
202501,202501,0,NIG-200,NIG-510,SPARE_PARTS,130300,525397.61,462349.89,63047.71,0.12,190,1.0,190,525397.61,430107.15,GBP,63047.71,3.38
202502,202502,0,NIG-200,NIG-510,SPARE_PARTS,130300,528078.82,464709.36,63369.46,0.12,150,1.0,150,528078.82,440700.81,GBP,63369.46,3.38
202502,202501,1,NIG-200,NIG-510,SPARE_PARTS,130300,525397.61,462349.89,63047.71,0.12,209,0.704142,147,369954.53,308740.38,GBP,44394.54,3.38
202503,202503,0,NIG-200,NIG-510,SPARE_PARTS,130300,470898.35,414390.55,56507.8,0.12,114,1.0,114,470898.35,394773.96,GBP,56507.8,3.38
202503,202502,1,NIG-200,NIG-510,SPARE_PARTS,130300,528078.82,464709.36,63369.46,0.12,149,0.704142,104,371842.48,311731.25,GBP,44621.1,3.38
202503,202501,2,NIG-200,NIG-510,SPARE_PARTS,130300,525397.61,462349.89,63047.71,0.12,219,0.408284,89,214511.45,179834.0,GBP,25741.37,3.38
202504,202504,0,NIG-200,NIG-510,SPARE_PARTS,130300,477838.69,420498.05,57340.64,0.12,175,1.0,175,477838.69,385695.17,GBP,57340.64,3.38
202504,202503,1,NIG-200,NIG-510,SPARE_PARTS,130300,470898.35,414390.55,56507.8,0.12,116,0.704142,81,331579.31,267639.56,GBP,39789.52,3.38
202504,202502,2,NIG-200,NIG-510,SPARE_PARTS,130300,528078.82,464709.36,63369.46,0.12,145,0.408284,59,215606.15,174029.96,GBP,25872.74,3.38
202504,202501,3,NIG-200,NIG-510,SPARE_PARTS,130300,525397.61,462349.89,63047.71,0.12,284,0.112426,31,59068.37,47677.98,GBP,7088.2,3.38
202505,202505,0,NIG-200,NIG-510,SPARE_PARTS,130300,479683.07,422121.1,57561.97,0.12,121,1.0,121,479683.07,381043.96,GBP,57561.97,3.38
202505,202504,1,NIG-200,NIG-510,SPARE_PARTS,130300,477838.69,420498.05,57340.64,0.12,201,0.704142,141,336466.3,267277.42,GBP,40375.96,3.38
202505,202503,2,NIG-200,NIG-510,SPARE_PARTS,130300,470898.35,414390.55,56507.8,0.12,141,0.408284,57,192260.27,152725.04,GBP,23071.23,3.38
202505,202502,3,NIG-200,NIG-510,SPARE_PARTS,130300,528078.82,464709.36,63369.46,0.12,145,0.112426,16,59369.81,47161.36,GBP,7124.38,3.38
202506,202506,0,NIG-200,NIG-510,SPARE_PARTS,130300,517889.88,455743.09,62146.79,0.12,153,1.0,153,517889.88,411297.81,GBP,62146.79,3.38
202506,202505,1,NIG-200,NIG-510,SPARE_PARTS,130300,479683.07,422121.1,57561.97,0.12,236,0.704142,166,337765.0,268246.22,GBP,40531.8,3.38
202506,202504,2,NIG-200,NIG-510,SPARE_PARTS,130300,477838.69,420498.05,57340.64,0.12,156,0.408284,63,195093.9,154939.69,GBP,23411.27,3.38
202506,202503,3,NIG-200,NIG-510,SPARE_PARTS,130300,470898.35,414390.55,56507.8,0.12,126,0.112426,14,52941.23,42044.87,GBP,6352.95,3.38
202507,202507,0,NIG-200,NIG-510,SPARE_PARTS,130300,549742.58,483773.47,65969.11,0.12,146,1.0,146,549742.58,424942.06,GBP,65969.11,3.38
202507,202506,1,NIG-200,NIG-510,SPARE_PARTS,130300,517889.88,455743.09,62146.79,0.12,158,0.704142,111,364668.02,281882.44,GBP,43760.16,3.38
202507,202505,2,NIG-200,NIG-510,SPARE_PARTS,130300,479683.07,422121.1,57561.97,0.12,238,0.408284,97,195846.93,151386.49,GBP,23501.63,3.38
202507,202504,3,NIG-200,NIG-510,SPARE_PARTS,130300,477838.69,420498.05,57340.64,0.12,194,0.112426,21,53721.51,41525.85,GBP,6446.58,3.38
202508,202508,0,NIG-200,NIG-510,SPARE_PARTS,130300,586033.51,515709.49,70324.02,0.12,165,1.0,165,586033.51,455189.44,GBP,70324.02,3.38
202508,202507,1,NIG-200,NIG-510,SPARE_PARTS,130300,549742.58,483773.47,65969.11,0.12,203,0.704142,142,387096.84,300669.48,GBP,46451.62,3.38
202508,202506,2,NIG-200,NIG-510,SPARE_PARTS,130300,517889.88,455743.09,62146.79,0.12,281,0.408284,114,211446.16,164236.44,GBP,25373.54,3.38
202508,202505,3,NIG-200,NIG-510,SPARE_PARTS,130300,479683.07,422121.1,57561.97,0.12,205,0.112426,23,53928.87,41888.13,GBP,6471.46,3.38
202509,202509,0,NIG-200,NIG-510,SPARE_PARTS,130300,592034.79,520990.61,71044.17,0.12,217,1.0,217,592034.79,452224.77,GBP,71044.17,3.38
202509,202508,1,NIG-200,NIG-510,SPARE_PARTS,130300,586033.51,515709.49,70324.02,0.12,186,0.704142,130,412650.82,315202.63,GBP,49518.1,3.38
202509,202507,2,NIG-200,NIG-510,SPARE_PARTS,130300,549742.58,483773.47,65969.11,0.12,138,0.408284,56,224451.11,171446.6,GBP,26934.13,3.38
202509,202506,3,NIG-200,NIG-510,SPARE_PARTS,130300,517889.88,455743.09,62146.79,0.12,212,0.112426,23,58224.31,44474.54,GBP,6986.92,3.38
202510,202510,0,NIG-200,NIG-510,SPARE_PARTS,130300,630784.65,555090.49,75694.16,0.12,171,1.0,171,630784.65,479432.52,GBP,75694.16,3.38
202510,202509,1,NIG-200,NIG-510,SPARE_PARTS,130300,592034.79,520990.61,71044.17,0.12,308,0.704142,216,416876.57,316850.11,GBP,50025.19,3.38
202510,202508,2,NIG-200,NIG-510,SPARE_PARTS,130300,586033.51,515709.49,70324.02,0.12,321,0.408284,131,239268.12,181857.5,GBP,28712.17,3.38
202510,202507,3,NIG-200,NIG-510,SPARE_PARTS,130300,549742.58,483773.47,65969.11,0.12,237,0.112426,26,61805.38,46975.63,GBP,7416.65,3.38
202511,202511,0,NIG-200,NIG-510,SPARE_PARTS,130300,598892.98,527025.82,71867.16,0.12,172,1.0,172,598892.98,457610.19,GBP,71867.16,3.38
202511,202510,1,NIG-200,NIG-510,SPARE_PARTS,130300,630784.65,555090.49,75694.16,0.12,308,0.704142,216,444161.97,339381.24,GBP,53299.44,3.38
202511,202509,2,NIG-200,NIG-510,SPARE_PARTS,130300,592034.79,520990.61,71044.17,0.12,267,0.408284,109,241718.34,184695.4,GBP,29006.2,3.38
202511,202508,3,NIG-200,NIG-510,SPARE_PARTS,130300,586033.51,515709.49,70324.02,0.12,178,0.112426,20,65885.42,50342.62,GBP,7906.25,3.38
202512,202512,0,NIG-200,NIG-510,SPARE_PARTS,130300,597725.07,525998.06,71727.01,0.12,316,1.0,316,597725.07,446063.48,GBP,71727.01,3.38
202512,202511,1,NIG-200,NIG-510,SPARE_PARTS,130300,598892.98,527025.82,71867.16,0.12,208,0.704142,146,421705.71,314705.75,GBP,50604.69,3.38
202512,202510,2,NIG-200,NIG-510,SPARE_PARTS,130300,630784.65,555090.49,75694.16,0.12,223,0.408284,91,257539.3,192193.5,GBP,30904.72,3.38
202512,202509,3,NIG-200,NIG-510,SPARE_PARTS,130300,592034.79,520990.61,71044.17,0.12,195,0.112426,21,66560.12,49671.73,GBP,7987.21,3.38
202501,202501,0,NIG-220,NIG-200,COMPONENTS,130100,384646.19,346181.57,38464.62,0.1,136,1.0,136,384646.19,384646.19,USD,38464.62,1.89
202502,202502,0,NIG-220,NIG-200,COMPONENTS,130100,335159.43,301643.48,33515.94,0.1,95,1.0,95,335159.43,335159.43,USD,33515.94,1.89
202502,202501,1,NIG-220,NIG-200,COMPONENTS,130100,384646.19,346181.57,38464.62,0.1,113,0.470899,53,181129.69,181129.69,USD,18112.97,1.89
202503,202503,0,NIG-220,NIG-200,COMPONENTS,130100,342308.86,308077.98,34230.89,0.1,91,1.0,91,342308.86,342308.86,USD,34230.89,1.89
202503,202502,1,NIG-220,NIG-200,COMPONENTS,130100,335159.43,301643.48,33515.94,0.1,83,0.470899,39,157826.4,157826.4,USD,15782.64,1.89
202504,202504,0,NIG-220,NIG-200,COMPONENTS,130100,326713.1,294041.79,32671.31,0.1,106,1.0,106,326713.1,326713.1,USD,32671.31,1.89
202504,202503,1,NIG-220,NIG-200,COMPONENTS,130100,342308.86,308077.98,34230.89,0.1,91,0.470899,42,161193.06,161193.06,USD,16119.31,1.89
202505,202505,0,NIG-220,NIG-200,COMPONENTS,130100,317581.15,285823.03,31758.11,0.1,121,1.0,121,317581.15,317581.15,USD,31758.11,1.89
202505,202504,1,NIG-220,NIG-200,COMPONENTS,130100,326713.1,294041.79,32671.31,0.1,81,0.470899,38,153849.03,153849.03,USD,15384.9,1.89
202506,202506,0,NIG-220,NIG-200,COMPONENTS,130100,361034.27,324930.84,36103.43,0.1,160,1.0,160,361034.27,361034.27,USD,36103.43,1.89
202506,202505,1,NIG-220,NIG-200,COMPONENTS,130100,317581.15,285823.03,31758.11,0.1,85,0.470899,40,149548.8,149548.8,USD,14954.88,1.89
202507,202507,0,NIG-220,NIG-200,COMPONENTS,130100,368743.06,331868.75,36874.31,0.1,123,1.0,123,368743.06,368743.06,USD,36874.31,1.89
202507,202506,1,NIG-220,NIG-200,COMPONENTS,130100,361034.27,324930.84,36103.43,0.1,105,0.470899,49,170010.85,170010.85,USD,17001.08,1.89
202508,202508,0,NIG-220,NIG-200,COMPONENTS,130100,393988.41,354589.57,39398.84,0.1,183,1.0,183,393988.41,393988.41,USD,39398.84,1.89
202508,202507,1,NIG-220,NIG-200,COMPONENTS,130100,368743.06,331868.75,36874.31,0.1,166,0.470899,78,173640.91,173640.91,USD,17364.09,1.89
202509,202509,0,NIG-220,NIG-200,COMPONENTS,130100,432016.22,388814.6,43201.62,0.1,129,1.0,129,432016.22,432016.22,USD,43201.62,1.89
202509,202508,1,NIG-220,NIG-200,COMPONENTS,130100,393988.41,354589.57,39398.84,0.1,127,0.470899,59,185528.94,185528.94,USD,18552.89,1.89
202510,202510,0,NIG-220,NIG-200,COMPONENTS,130100,427569.81,384812.83,42756.98,0.1,131,1.0,131,427569.81,427569.81,USD,42756.98,1.89
202510,202509,1,NIG-220,NIG-200,COMPONENTS,130100,432016.22,388814.6,43201.62,0.1,136,0.470899,64,203436.21,203436.21,USD,20343.62,1.89
202511,202511,0,NIG-220,NIG-200,COMPONENTS,130100,409338.26,368404.44,40933.83,0.1,121,1.0,121,409338.26,409338.26,USD,40933.83,1.89
202511,202510,1,NIG-220,NIG-200,COMPONENTS,130100,427569.81,384812.83,42756.98,0.1,132,0.470899,62,201342.4,201342.4,USD,20134.24,1.89
202512,202512,0,NIG-220,NIG-200,COMPONENTS,130100,385901.23,347311.11,38590.12,0.1,101,1.0,101,385901.23,385901.23,USD,38590.12,1.89
202512,202511,1,NIG-220,NIG-200,COMPONENTS,130100,409338.26,368404.44,40933.83,0.1,147,0.470899,69,192757.17,192757.17,USD,19275.72,1.89
202601,202601,0,NIG-200,NIG-210,FINISHED_GOODS,130300,1961449.55,1726075.6,235373.95,0.12,543,1.0,543,1961449.55,2647697.89,CAD,235373.95,2.97
202602,202602,0,NIG-200,NIG-210,FINISHED_GOODS,130300,1917060.24,1687013.01,230047.23,0.12,489,1.0,489,1917060.24,2502302.24,CAD,230047.23,2.97
202602,202601,1,NIG-200,NIG-210,FINISHED_GOODS,130300,1961449.55,1726075.6,235373.95,0.12,560,0.6633,371,1301028.82,1698208.16,CAD,156123.46,2.97
202603,202603,0,NIG-200,NIG-210,FINISHED_GOODS,130300,1814800.71,1597024.62,217776.08,0.12,438,1.0,438,1814800.71,2348519.65,CAD,217776.08,2.97
202603,202602,1,NIG-200,NIG-210,FINISHED_GOODS,130300,1917060.24,1687013.01,230047.23,0.12,884,0.6633,586,1271585.41,1645548.9,CAD,152590.25,2.97
202603,202601,2,NIG-200,NIG-210,FINISHED_GOODS,130300,1961449.55,1726075.6,235373.95,0.12,803,0.326599,262,640608.1,829006.02,CAD,76872.97,2.97
202604,202604,0,NIG-200,NIG-210,FINISHED_GOODS,130300,1672404.95,1471716.36,200688.59,0.12,755,1.0,755,1672404.95,2209217.96,CAD,200688.59,2.97
202604,202603,1,NIG-200,NIG-210,FINISHED_GOODS,130300,1814800.71,1597024.62,217776.08,0.12,818,0.6633,542,1203756.7,1590141.74,CAD,144450.8,2.97
202604,202602,2,NIG-200,NIG-210,FINISHED_GOODS,130300,1917060.24,1687013.01,230047.23,0.12,799,0.326599,260,626110.58,827081.23,CAD,75133.27,2.97
202605,202605,0,NIG-200,NIG-210,FINISHED_GOODS,130300,1804066.11,1587578.18,216487.93,0.12,437,1.0,437,1804066.11,2398613.99,CAD,216487.93,2.97
202605,202604,1,NIG-200,NIG-210,FINISHED_GOODS,130300,1672404.95,1471716.36,200688.59,0.12,835,0.6633,553,1109305.64,1474888.32,CAD,133116.68,2.97
202605,202603,2,NIG-200,NIG-210,FINISHED_GOODS,130300,1814800.71,1597024.62,217776.08,0.12,615,0.326599,200,592712.69,788047.03,CAD,71125.52,2.97
202606,202606,0,NIG-200,NIG-210,FINISHED_GOODS,130300,1892004.56,1664964.01,227040.55,0.12,454,1.0,454,1892004.56,2545425.32,CAD,227040.55,2.97
202606,202605,1,NIG-200,NIG-210,FINISHED_GOODS,130300,1804066.11,1587578.18,216487.93,0.12,643,0.6633,426,1196636.44,1609905.58,CAD,143596.37,2.97
202606,202604,2,NIG-200,NIG-210,FINISHED_GOODS,130300,1672404.95,1471716.36,200688.59,0.12,551,0.326599,179,546206.33,734843.59,CAD,65544.76,2.97
202607,202607,0,NIG-200,NIG-210,FINISHED_GOODS,130300,1967813.65,1731676.01,236137.64,0.12,609,1.0,609,1967813.65,2677389.36,CAD,236137.64,2.97
202607,202606,1,NIG-200,NIG-210,FINISHED_GOODS,130300,1892004.56,1664964.01,227040.55,0.12,869,0.6633,576,1254965.99,1707495.31,CAD,150595.92,2.97
202607,202605,2,NIG-200,NIG-210,FINISHED_GOODS,130300,1804066.11,1587578.18,216487.93,0.12,905,0.326599,295,589206.78,801669.38,CAD,70704.81,2.97
202608,202608,0,NIG-200,NIG-210,FINISHED_GOODS,130300,2132400.23,1876512.2,255888.03,0.12,623,1.0,623,2132400.23,2882236.32,CAD,255888.03,2.97
202608,202607,1,NIG-200,NIG-210,FINISHED_GOODS,130300,1967813.65,1731676.01,236137.64,0.12,734,0.6633,486,1305250.13,1764227.6,CAD,156630.02,2.97
202608,202606,2,NIG-200,NIG-210,FINISHED_GOODS,130300,1892004.56,1664964.01,227040.55,0.12,464,0.326599,151,617927.42,835215.08,CAD,74151.29,2.97
202601,202601,0,NIG-200,NIG-500,SPARE_PARTS,130300,1285951.89,1131637.66,154314.23,0.12,378,1.0,378,1285951.89,1285951.89,USD,154314.23,2.43
202602,202602,0,NIG-200,NIG-500,SPARE_PARTS,130300,1129779.14,994205.64,135573.5,0.12,567,1.0,567,1129779.14,1129779.14,USD,135573.5,2.43
202602,202601,1,NIG-200,NIG-500,SPARE_PARTS,130300,1285951.89,1131637.66,154314.23,0.12,543,0.588477,319,756753.58,756753.58,USD,90810.43,2.43
202603,202603,0,NIG-200,NIG-500,SPARE_PARTS,130300,1118158.89,983979.82,134179.07,0.12,471,1.0,471,1118158.89,1118158.89,USD,134179.07,2.43
202603,202602,1,NIG-200,NIG-500,SPARE_PARTS,130300,1129779.14,994205.64,135573.5,0.12,314,0.588477,184,664849.45,664849.45,USD,79781.93,2.43
202603,202601,2,NIG-200,NIG-500,SPARE_PARTS,130300,1285951.89,1131637.66,154314.23,0.12,367,0.176955,64,227555.27,227555.27,USD,27306.63,2.43
202604,202604,0,NIG-200,NIG-500,SPARE_PARTS,130300,1011591.67,890200.67,121391.0,0.12,472,1.0,472,1011591.67,1011591.67,USD,121391.0,2.43
202604,202603,1,NIG-200,NIG-500,SPARE_PARTS,130300,1118158.89,983979.82,134179.07,0.12,334,0.588477,196,658011.2,658011.2,USD,78961.34,2.43
202604,202602,2,NIG-200,NIG-500,SPARE_PARTS,130300,1129779.14,994205.64,135573.5,0.12,339,0.176955,59,199919.76,199919.76,USD,23990.37,2.43
202605,202605,0,NIG-200,NIG-500,SPARE_PARTS,130300,1096300.8,964744.7,131556.1,0.12,371,1.0,371,1096300.8,1096300.8,USD,131556.1,2.43
202605,202604,1,NIG-200,NIG-500,SPARE_PARTS,130300,1011591.67,890200.67,121391.0,0.12,412,0.588477,242,595298.8,595298.8,USD,71435.86,2.43
202605,202603,2,NIG-200,NIG-500,SPARE_PARTS,130300,1118158.89,983979.82,134179.07,0.12,455,0.176955,80,197863.51,197863.51,USD,23743.62,2.43
202606,202606,0,NIG-200,NIG-500,SPARE_PARTS,130300,1151570.61,1013382.13,138188.47,0.12,406,1.0,406,1151570.61,1151570.61,USD,138188.47,2.43
202606,202605,1,NIG-200,NIG-500,SPARE_PARTS,130300,1096300.8,964744.7,131556.1,0.12,514,0.588477,302,645148.21,645148.21,USD,77417.78,2.43
202606,202604,2,NIG-200,NIG-500,SPARE_PARTS,130300,1011591.67,890200.67,121391.0,0.12,265,0.176955,46,179005.93,179005.93,USD,21480.71,2.43
202607,202607,0,NIG-200,NIG-500,SPARE_PARTS,130300,1209517.14,1064375.08,145142.06,0.12,344,1.0,344,1209517.14,1209517.14,USD,145142.06,2.43
202607,202606,1,NIG-200,NIG-500,SPARE_PARTS,130300,1151570.61,1013382.13,138188.47,0.12,412,0.588477,242,677673.24,677673.24,USD,81320.79,2.43
202607,202605,2,NIG-200,NIG-500,SPARE_PARTS,130300,1096300.8,964744.7,131556.1,0.12,314,0.176955,55,193995.61,193995.61,USD,23279.47,2.43
202608,202608,0,NIG-200,NIG-500,SPARE_PARTS,130300,1383129.88,1217154.3,165975.59,0.12,702,1.0,702,1383129.88,1383129.88,USD,165975.59,2.43
202608,202607,1,NIG-200,NIG-500,SPARE_PARTS,130300,1209517.14,1064375.08,145142.06,0.12,334,0.588477,196,711773.46,711773.46,USD,85412.82,2.43
202608,202606,2,NIG-200,NIG-500,SPARE_PARTS,130300,1151570.61,1013382.13,138188.47,0.12,379,0.176955,67,203775.87,203775.87,USD,24453.1,2.43
202601,202601,0,NIG-200,NIG-510,SPARE_PARTS,130300,912580.95,803071.23,109509.71,0.12,356,1.0,356,912580.95,679560.65,GBP,109509.71,3.38
202602,202602,0,NIG-200,NIG-510,SPARE_PARTS,130300,808932.9,711860.95,97071.95,0.12,199,1.0,199,808932.9,586548.94,GBP,97071.95,3.38
202602,202601,1,NIG-200,NIG-510,SPARE_PARTS,130300,912580.95,803071.23,109509.71,0.12,224,0.704142,157,642586.58,465932.93,GBP,77110.39,3.38
202603,202603,0,NIG-200,NIG-510,SPARE_PARTS,130300,800843.02,704741.86,96101.16,0.12,235,1.0,235,800843.02,585970.92,GBP,96101.16,3.38
202603,202602,1,NIG-200,NIG-510,SPARE_PARTS,130300,808932.9,711860.95,97071.95,0.12,288,0.704142,202,569603.64,416774.77,GBP,68352.44,3.38
202603,202601,2,NIG-200,NIG-510,SPARE_PARTS,130300,912580.95,803071.23,109509.71,0.12,351,0.408284,143,372592.22,272622.97,GBP,44711.07,3.38
202604,202604,0,NIG-200,NIG-510,SPARE_PARTS,130300,824418.25,725488.06,98930.19,0.12,435,1.0,435,824418.25,612468.91,GBP,98930.19,3.38
202604,202603,1,NIG-200,NIG-510,SPARE_PARTS,130300,800843.02,704741.86,96101.16,0.12,191,0.704142,134,563907.22,418932.55,GBP,67668.87,3.38
202604,202602,2,NIG-200,NIG-510,SPARE_PARTS,130300,808932.9,711860.95,97071.95,0.12,236,0.408284,96,330274.38,245364.28,GBP,39632.93,3.38
202604,202601,3,NIG-200,NIG-510,SPARE_PARTS,130300,912580.95,803071.23,109509.71,0.12,482,0.112426,54,102597.86,76221.02,GBP,12311.74,3.38
202605,202605,0,NIG-200,NIG-510,SPARE_PARTS,130300,813618.64,715984.4,97634.24,0.12,332,1.0,332,813618.64,598376.18,GBP,97634.24,3.38
202605,202604,1,NIG-200,NIG-510,SPARE_PARTS,130300,824418.25,725488.06,98930.19,0.12,204,0.704142,143,580507.52,426934.51,GBP,69660.9,3.38
202605,202603,2,NIG-200,NIG-510,SPARE_PARTS,130300,800843.02,704741.86,96101.16,0.12,260,0.408284,106,326971.41,240471.26,GBP,39236.57,3.38
202605,202602,3,NIG-200,NIG-510,SPARE_PARTS,130300,808932.9,711860.95,97071.95,0.12,393,0.112426,44,90945.12,66885.63,GBP,10913.41,3.38
202606,202606,0,NIG-200,NIG-510,SPARE_PARTS,130300,863704.32,760059.8,103644.52,0.12,375,1.0,375,863704.32,621966.53,GBP,103644.52,3.38
202606,202605,1,NIG-200,NIG-510,SPARE_PARTS,130300,813618.64,715984.4,97634.24,0.12,304,0.704142,214,572903.06,412556.15,GBP,68748.37,3.38
202606,202604,2,NIG-200,NIG-510,SPARE_PARTS,130300,824418.25,725488.06,98930.19,0.12,257,0.408284,104,336596.8,242388.44,GBP,40391.62,3.38
202606,202603,3,NIG-200,NIG-510,SPARE_PARTS,130300,800843.02,704741.86,96101.16,0.12,237,0.112426,26,90035.61,64836.0,GBP,10804.27,3.38
202607,202607,0,NIG-200,NIG-510,SPARE_PARTS,130300,853163.82,750784.16,102379.66,0.12,264,1.0,264,853163.82,609175.95,GBP,102379.66,3.38
202607,202606,1,NIG-200,NIG-510,SPARE_PARTS,130300,863704.32,760059.8,103644.52,0.12,374,0.704142,263,608170.5,434245.85,GBP,72980.46,3.38
202607,202605,2,NIG-200,NIG-510,SPARE_PARTS,130300,813618.64,715984.4,97634.24,0.12,232,0.408284,94,332187.49,237188.48,GBP,39862.5,3.38
202607,202604,3,NIG-200,NIG-510,SPARE_PARTS,130300,824418.25,725488.06,98930.19,0.12,278,0.112426,31,92686.08,66179.7,GBP,11122.33,3.38
202608,202608,0,NIG-200,NIG-510,SPARE_PARTS,130300,981738.1,863929.53,117808.57,0.12,287,1.0,287,981738.1,714292.66,GBP,117808.57,3.38
202608,202607,1,NIG-200,NIG-510,SPARE_PARTS,130300,853163.82,750784.16,102379.66,0.12,444,0.704142,312,600748.49,437092.38,GBP,72089.82,3.38
202608,202606,2,NIG-200,NIG-510,SPARE_PARTS,130300,863704.32,760059.8,103644.52,0.12,211,0.408284,86,352636.68,256571.27,GBP,42316.4,3.38
202608,202605,3,NIG-200,NIG-510,SPARE_PARTS,130300,813618.64,715984.4,97634.24,0.12,347,0.112426,39,91471.92,66553.11,GBP,10976.63,3.38
202601,202601,0,NIG-220,NIG-200,COMPONENTS,130100,624238.37,561814.53,62423.84,0.1,162,1.0,162,624238.37,624238.37,USD,62423.84,1.89
202602,202602,0,NIG-220,NIG-200,COMPONENTS,130100,569517.35,512565.61,56951.73,0.1,168,1.0,168,569517.35,569517.35,USD,56951.73,1.89
202602,202601,1,NIG-220,NIG-200,COMPONENTS,130100,624238.37,561814.53,62423.84,0.1,198,0.470899,93,293953.52,293953.52,USD,29395.35,1.89
202603,202603,0,NIG-220,NIG-200,COMPONENTS,130100,562436.31,506192.68,56243.63,0.1,146,1.0,146,562436.31,562436.31,USD,56243.63,1.89
202603,202602,1,NIG-220,NIG-200,COMPONENTS,130100,569517.35,512565.61,56951.73,0.1,208,0.470899,97,268185.42,268185.42,USD,26818.54,1.89
202604,202604,0,NIG-220,NIG-200,COMPONENTS,130100,533543.71,480189.34,53354.37,0.1,147,1.0,147,533543.71,533543.71,USD,53354.37,1.89
202604,202603,1,NIG-220,NIG-200,COMPONENTS,130100,562436.31,506192.68,56243.63,0.1,195,0.470899,91,264850.96,264850.96,USD,26485.1,1.89
202605,202605,0,NIG-220,NIG-200,COMPONENTS,130100,538215.24,484393.72,53821.52,0.1,136,1.0,136,538215.24,538215.24,USD,53821.52,1.89
202605,202604,1,NIG-220,NIG-200,COMPONENTS,130100,533543.71,480189.34,53354.37,0.1,163,0.470899,76,251245.45,251245.45,USD,25124.55,1.89
202606,202606,0,NIG-220,NIG-200,COMPONENTS,130100,575359.11,517823.2,57535.91,0.1,138,1.0,138,575359.11,575359.11,USD,57535.91,1.89
202606,202605,1,NIG-220,NIG-200,COMPONENTS,130100,538215.24,484393.72,53821.52,0.1,176,0.470899,82,253445.27,253445.27,USD,25344.53,1.89
202607,202607,0,NIG-220,NIG-200,COMPONENTS,130100,626604.26,563943.83,62660.43,0.1,166,1.0,166,626604.26,626604.26,USD,62660.43,1.89
202607,202606,1,NIG-220,NIG-200,COMPONENTS,130100,575359.11,517823.2,57535.91,0.1,170,0.470899,80,270936.3,270936.3,USD,27093.63,1.89
202608,202608,0,NIG-220,NIG-200,COMPONENTS,130100,663085.66,596777.09,66308.57,0.1,226,1.0,226,663085.66,663085.66,USD,66308.57,1.89
202608,202607,1,NIG-220,NIG-200,COMPONENTS,130100,626604.26,563943.83,62660.43,0.1,207,0.470899,97,295067.61,295067.61,USD,29506.76,1.89
